id,allocation_id,role,quantity,expertise_level_id,avg_salary,created_at,last_updated_at
1,1,Project Manager,1,5,35000000,2015-01-10,2015-01-12
2,1,Backend Developer,3,4,18000000,2015-01-10,2015-01-12
3,1,Frontend Developer,2,3,15000000,2015-01-10,2015-01-12
4,1,Database Administrator,2,4,16000000,2015-01-10,2015-01-12
5,1,DevOps Engineer,1,4,17000000,2015-01-10,2015-01-12
6,1,QA Engineer,2,3,12000000,2015-01-10,2015-01-12
7,2,Project Manager,1,4,28000000,2015-02-25,2015-03-02
8,2,Fullstack Developer,2,3,14000000,2015-02-25,2015-03-02
9,2,UI/UX Designer,1,3,11000000,2015-02-25,2015-03-02
10,2,QA Engineer,1,2,9000000,2015-02-25,2015-03-02
11,3,Project Manager,1,5,36000000,2015-05-05,2015-05-08
12,3,Cloud Architect,1,5,25000000,2015-05-05,2015-05-08
13,3,System Administrator,2,4,16000000,2015-05-05,2015-05-08
14,3,Database Administrator,1,4,17000000,2015-05-05,2015-05-08
15,3,Network Engineer,1,4,15000000,2015-05-05,2015-05-08
16,4,Project Manager,1,4,26000000,2015-06-25,2015-06-28
17,4,Mobile Developer,2,3,16000000,2015-06-25,2015-06-28
18,4,Backend Developer,1,3,14000000,2015-06-25,2015-06-28
19,4,UI/UX Designer,1,3,10000000,2015-06-25,2015-06-28
20,5,Project Manager,1,4,27000000,2015-08-25,2015-08-28
21,5,Frontend Developer,2,3,13000000,2015-08-25,2015-08-28
22,5,Backend Developer,1,3,14000000,2015-08-25,2015-08-28
23,5,Content Developer,2,2,8000000,2015-08-25,2015-08-28
24,6,Project Manager,1,3,22000000,2015-02-05,2015-02-08
25,6,Mobile Developer,1,2,12000000,2015-02-05,2015-02-08
26,7,Project Manager,1,4,25000000,2015-04-10,2015-04-12
27,7,Data Engineer,1,4,18000000,2015-04-10,2015-04-12
28,7,Cloud Engineer,1,3,15000000,2015-04-10,2015-04-12
29,8,Project Manager,1,4,24000000,2015-05-25,2015-06-02
30,8,Fullstack Developer,2,3,13500000,2015-05-25,2015-06-02
31,8,QA Engineer,1,2,8500000,2015-05-25,2015-06-02
32,9,Project Manager,1,4,23000000,2015-07-25,2015-07-28
33,9,System Administrator,1,3,14000000,2015-07-25,2015-07-28
34,9,Network Engineer,1,3,13000000,2015-07-25,2015-07-28
35,10,Project Manager,1,3,20000000,2015-09-25,2015-09-28
36,10,Fullstack Developer,2,3,12500000,2015-09-25,2015-09-28
37,11,Project Manager,1,5,34000000,2015-11-10,2015-11-12
38,11,Data Scientist,2,4,20000000,2015-11-10,2015-11-12
39,11,Data Engineer,2,3,16000000,2015-11-10,2015-11-12
40,11,BI Analyst,1,3,14000000,2015-11-10,2015-11-12
41,12,Project Manager,1,4,25000000,2015-11-25,2015-11-28
42,12,Mobile Developer,2,3,14500000,2015-11-25,2015-11-28
43,12,Backend Developer,1,3,13500000,2015-11-25,2015-11-28
44,13,Project Manager,1,5,35000000,2016-01-05,2016-01-08
45,13,DevOps Engineer,2,4,19000000,2016-01-05,2016-01-08
46,13,System Administrator,1,3,15000000,2016-01-05,2016-01-08
47,13,Container Specialist,1,4,18000000,2016-01-05,2016-01-08
48,14,Project Manager,1,4,26000000,2016-02-10,2016-02-12
49,14,Backend Developer,2,3,14500000,2016-02-10,2016-02-12
50,14,Frontend Developer,1,3,13000000,2016-02-10,2016-02-12
51,15,Project Manager,1,4,24000000,2016-02-25,2016-03-02
52,15,Backend Developer,2,3,14000000,2016-02-25,2016-03-02
53,15,Security Specialist,1,4,17000000,2016-02-25,2016-03-02
54,16,Project Manager,1,3,21000000,2016-04-05,2016-04-08
55,16,Fullstack Developer,1,2,11000000,2016-04-05,2016-04-08
56,17,Project Manager,1,5,38000000,2016-05-01,2016-05-03
57,17,Salesforce Consultant,2,4,22000000,2016-05-01,2016-05-03
58,17,Business Analyst,1,3,15000000,2016-05-01,2016-05-03
59,18,Project Manager,1,4,25000000,2016-05-25,2016-06-02
60,18,Java Developer,2,3,15500000,2016-05-25,2016-06-02
61,18,Frontend Developer,1,3,13500000,2016-05-25,2016-06-02
62,19,Project Manager,1,4,23000000,2016-07-05,2016-07-08
63,19,Cloud Engineer,1,3,14500000,2016-07-05,2016-07-08
64,19,Storage Specialist,1,3,14000000,2016-07-05,2016-07-08
65,20,Project Manager,1,3,20000000,2016-07-25,2016-07-28
66,20,Fullstack Developer,2,3,12500000,2016-07-25,2016-07-28
67,21,Project Manager,1,5,36000000,2016-09-10,2016-09-12
68,21,Data Engineer,2,4,19000000,2016-09-10,2016-09-12
69,21,Big Data Architect,1,5,25000000,2016-09-10,2016-09-12
70,22,Project Manager,1,4,27000000,2016-09-25,2016-09-28
71,22,DevOps Engineer,1,4,17500000,2016-09-25,2016-09-28
72,22,System Administrator,1,3,14500000,2016-09-25,2016-09-28
73,23,Project Manager,1,4,26000000,2016-11-05,2016-11-08
74,23,Mobile Developer,2,3,15500000,2016-11-05,2016-11-08
75,23,Backend Developer,1,3,14000000,2016-11-05,2016-11-08
76,24,Project Manager,1,5,34000000,2016-11-25,2016-11-28
77,24,DevOps Engineer,2,4,18000000,2016-11-25,2016-11-28
78,24,Legacy System Expert,1,5,22000000,2016-11-25,2016-11-28
79,25,Project Manager,1,4,25000000,2017-01-10,2017-01-12
80,25,Frontend Developer,2,3,14000000,2017-01-10,2017-01-12
81,25,Backend Developer,1,3,14500000,2017-01-10,2017-01-12
82,26,Project Manager,1,4,24000000,2017-01-25,2017-01-28
83,26,System Administrator,1,3,13500000,2017-01-25,2017-01-28
84,26,Security Specialist,1,4,16000000,2017-01-25,2017-01-28
85,27,Project Manager,1,5,37000000,2017-03-05,2017-03-08
86,27,Virtualization Expert,2,4,20000000,2017-03-05,2017-03-08
87,27,Network Engineer,1,4,16500000,2017-03-05,2017-03-08
88,28,Project Manager,1,4,23000000,2017-03-25,2017-03-28
89,28,Fullstack Developer,2,3,13000000,2017-03-25,2017-03-28
90,29,Project Manager,1,4,26000000,2017-05-10,2017-05-12
91,29,Security Engineer,2,4,17000000,2017-05-10,2017-05-12
92,29,Network Administrator,1,3,14000000,2017-05-10,2017-05-12
93,30,Project Manager,1,3,21000000,2017-05-25,2017-05-28
94,30,Frontend Developer,1,3,12500000,2017-05-25,2017-05-28
95,31,Project Manager,1,5,38000000,2017-07-05,2017-07-08
96,31,Data Scientist,2,4,21000000,2017-07-05,2017-07-08
97,31,Machine Learning Engineer,2,4,20000000,2017-07-05,2017-07-08
98,32,Project Manager,1,4,25000000,2017-07-25,2017-07-28
99,32,Mobile Developer,2,3,15000000,2017-07-25,2017-07-28
100,32,Payment Integration Specialist,1,4,17000000,2017-07-25,2017-07-28
101,33,Project Manager,1,5,37000000,2017-09-10,2017-09-12
102,33,IoT Architect,1,5,26000000,2017-09-10,2017-09-12
103,33,IoT Developer,2,4,19000000,2017-09-10,2017-09-12
104,33,Data Engineer,1,4,18000000,2017-09-10,2017-09-12
105,34,Project Manager,1,4,24000000,2017-09-25,2017-09-28
106,34,Cloud Engineer,1,3,15000000,2017-09-25,2017-09-28
107,34,Data Migration Specialist,1,3,14000000,2017-09-25,2017-09-28
108,35,Project Manager,1,4,26000000,2017-11-05,2017-11-08
109,35,Security Analyst,2,4,17000000,2017-11-05,2017-11-08
110,35,Backend Developer,1,3,14500000,2017-11-05,2017-11-08
111,36,Project Manager,1,3,20000000,2015-01-15,2015-01-18
112,36,AI Developer,1,3,15000000,2015-01-15,2015-01-18
113,37,Project Manager,1,5,35000000,2015-03-10,2015-03-12
114,37,DevOps Engineer,2,4,18500000,2015-03-10,2015-03-12
115,37,System Administrator,1,3,14500000,2015-03-10,2015-03-12
116,38,Project Manager,1,4,23000000,2015-04-25,2015-04-28
117,38,Backend Developer,2,3,13500000,2015-04-25,2015-04-28
118,39,Project Manager,1,4,24000000,2015-06-10,2015-06-12
119,39,Network Automation Engineer,1,4,16000000,2015-06-10,2015-06-12
120,39,System Administrator,1,3,13000000,2015-06-10,2015-06-12
121,40,Project Manager,1,3,19000000,2015-07-25,2015-07-28
122,40,Data Analyst,1,3,12000000,2015-07-25,2015-07-28
123,41,Project Manager,1,5,36000000,2015-09-15,2015-09-18
124,41,Salesforce Developer,2,4,20000000,2015-09-15,2015-09-18
125,41,Business Analyst,1,3,14000000,2015-09-15,2015-09-18
126,42,Project Manager,1,4,25000000,2015-10-25,2015-10-28
127,42,Mobile Developer,2,3,14500000,2015-10-25,2015-10-28
128,42,Backend Developer,1,3,13500000,2015-10-25,2015-10-28
129,43,Project Manager,1,5,34000000,2016-01-15,2016-01-18
130,43,IoT Developer,2,4,18500000,2016-01-15,2016-01-18
131,43,Cloud Engineer,1,3,15000000,2016-01-15,2016-01-18
132,44,Project Manager,1,4,26000000,2016-02-25,2016-02-28
133,44,Backend Developer,2,3,14000000,2016-02-25,2016-02-28
134,44,Architecture Consultant,1,4,18000000,2016-02-25,2016-02-28
135,45,Project Manager,1,4,23000000,2016-04-10,2016-04-12
136,45,Data Analyst,1,3,12500000,2016-04-10,2016-04-12
137,45,Web Analyst,1,2,9000000,2016-04-10,2016-04-12
138,46,Project Manager,1,3,21000000,2016-05-25,2016-05-28
139,46,AI Developer,1,3,14500000,2016-05-25,2016-05-28
140,47,Project Manager,1,5,35000000,2016-07-15,2016-07-18
141,47,DevOps Engineer,2,4,19000000,2016-07-15,2016-07-18
142,47,CI/CD Specialist,1,4,17500000,2016-07-15,2016-07-18
143,48,Project Manager,1,4,24000000,2016-08-25,2016-08-28
144,48,Frontend Developer,2,3,14000000,2016-08-25,2016-08-28
145,48,Backend Developer,1,3,13500000,2016-08-25,2016-08-28
146,49,Project Manager,1,4,25000000,2016-10-10,2016-10-12
147,49,Security Engineer,1,4,16500000,2016-10-10,2016-10-12
148,49,Network Engineer,1,3,14000000,2016-10-10,2016-10-12
149,50,Project Manager,1,3,20000000,2016-11-25,2016-11-28
150,50,Data Analyst,1,3,11500000,2016-11-25,2016-11-28
151,51,Project Manager,1,5,34000000,2017-01-15,2017-01-18
152,51,Backend Developer,2,4,17500000,2017-01-15,2017-01-18
153,51,DevOps Engineer,1,4,17000000,2017-01-15,2017-01-18
154,52,Project Manager,1,4,26000000,2017-02-25,2017-02-28
155,52,Mobile Developer,2,3,15000000,2017-02-25,2017-02-28
156,52,Backend Developer,1,3,14000000,2017-02-25,2017-02-28
157,53,Project Manager,1,5,36000000,2017-04-10,2017-04-12
158,53,Data Engineer,2,4,18500000,2017-04-10,2017-04-12
159,53,Streaming Specialist,1,4,17500000,2017-04-10,2017-04-12
160,54,Project Manager,1,4,24000000,2017-05-25,2017-05-28
161,54,DevOps Engineer,1,3,14500000,2017-05-25,2017-05-28
162,54,System Administrator,1,3,13000000,2017-05-25,2017-05-28
163,55,Project Manager,1,4,25000000,2017-07-15,2017-07-18
164,55,Data Engineer,1,4,16500000,2017-07-15,2017-07-18
165,55,Backend Developer,1,3,14000000,2017-07-15,2017-07-18
166,56,Project Manager,1,3,19000000,2015-01-25,2015-01-28
167,56,AI Developer,1,2,11000000,2015-01-25,2015-01-28
168,57,Project Manager,1,5,33000000,2015-04-05,2015-04-08
169,57,DevOps Engineer,2,4,18000000,2015-04-05,2015-04-08
170,57,System Administrator,1,3,14000000,2015-04-05,2015-04-08
171,58,Project Manager,1,4,23000000,2015-05-25,2015-05-28
172,58,Frontend Developer,2,3,13000000,2015-05-25,2015-05-28
173,59,Project Manager,1,4,24000000,2015-07-10,2015-07-12
174,59,Security Analyst,1,4,15500000,2015-07-10,2015-07-12
175,59,Network Engineer,1,3,13500000,2015-07-10,2015-07-12
176,60,Project Manager,1,3,20000000,2015-08-25,2015-08-28
177,60,Fullstack Developer,2,3,12000000,2015-08-25,2015-08-28
178,61,Project Manager,1,5,35000000,2015-10-15,2015-10-18
179,61,Data Scientist,2,4,19500000,2015-10-15,2015-10-18
180,61,Machine Learning Engineer,1,4,18500000,2015-10-15,2015-10-18
181,62,Project Manager,1,4,25000000,2015-11-25,2015-11-28
182,62,Mobile Developer,2,3,14000000,2015-11-25,2015-11-28
183,63,Project Manager,1,5,34000000,2016-02-10,2016-02-12
184,63,IoT Developer,2,4,18000000,2016-02-10,2016-02-12
185,63,Network Specialist,1,4,16500000,2016-02-10,2016-02-12
186,64,Project Manager,1,4,24000000,2016-03-25,2016-03-28
187,64,DevOps Engineer,1,3,14500000,2016-03-25,2016-03-28
188,64,System Administrator,1,3,13000000,2016-03-25,2016-03-28
189,65,Project Manager,1,4,23000000,2016-05-15,2016-05-18
190,65,Data Analyst,1,3,12500000,2016-05-15,2016-05-18
191,65,BI Developer,1,3,12000000,2016-05-15,2016-05-18
192,66,Project Manager,1,3,20000000,2016-06-25,2016-06-28
193,66,AI Developer,1,3,13500000,2016-06-25,2016-06-28
194,67,Project Manager,1,5,33000000,2016-08-10,2016-08-12
195,67,DevOps Engineer,2,4,17500000,2016-08-10,2016-08-12
196,67,CI/CD Specialist,1,4,16500000,2016-08-10,2016-08-12
197,68,Project Manager,1,4,22000000,2016-09-25,2016-09-28
198,68,Backend Developer,2,3,12500000,2016-09-25,2016-09-28
199,69,Project Manager,1,4,24000000,2016-11-15,2016-11-18
200,69,Security Engineer,1,4,15500000,2016-11-15,2016-11-18
201,70,Project Manager,1,3,19000000,2016-12-25,2016-12-28
202,70,Fullstack Developer,1,3,11500000,2016-12-25,2016-12-28
203,71,Project Manager,1,5,36000000,2017-02-10,2017-02-12
204,71,AI Specialist,2,4,20000000,2017-02-10,2017-02-12
205,71,Data Scientist,1,4,19000000,2017-02-10,2017-02-12
206,72,Project Manager,1,4,25000000,2017-03-25,2017-03-28
207,72,Mobile Developer,2,3,14500000,2017-03-25,2017-03-28
208,73,Project Manager,1,5,35000000,2017-05-15,2017-05-18
209,73,IoT Engineer,2,4,18500000,2017-05-15,2017-05-18
210,73,Cloud Specialist,1,4,17000000,2017-05-15,2017-05-18
211,74,Project Manager,1,4,26000000,2017-06-25,2017-06-28
212,74,DevOps Engineer,1,4,16500000,2017-06-25,2017-06-28
213,74,Microservices Architect,1,4,17500000,2017-06-25,2017-06-28
214,75,Project Manager,1,4,24000000,2017-08-10,2017-08-12
215,75,Data Analyst,1,3,13000000,2017-08-10,2017-08-12
216,75,Product Analyst,1,3,12500000,2017-08-10,2017-08-12
217,76,Project Manager,1,3,19000000,2015-03-10,2015-03-12
218,76,AI Developer,1,2,10500000,2015-03-10,2015-03-12
219,77,Project Manager,1,5,32000000,2015-04-25,2015-04-28
220,77,DevOps Engineer,2,4,17000000,2015-04-25,2015-04-28
221,78,Project Manager,1,4,22000000,2015-06-15,2015-06-18
222,78,Frontend Developer,2,3,12000000,2015-06-15,2015-06-18
223,79,Project Manager,1,4,23000000,2015-07-25,2015-07-28
224,79,Security Specialist,1,4,15000000,2015-07-25,2015-07-28
225,80,Project Manager,1,3,18000000,2015-09-15,2015-09-18
226,80,Fullstack Developer,1,3,11000000,2015-09-15,2015-09-18
227,81,Project Manager,1,4,25000000,2015-10-25,2015-10-28
228,81,API Developer,2,3,14000000,2015-10-25,2015-10-28
229,82,Project Manager,1,4,24000000,2015-12-10,2015-12-12
230,82,Mobile Developer,2,3,13500000,2015-12-10,2015-12-12
231,83,Project Manager,1,5,34000000,2015-12-25,2015-12-28
232,83,Data Engineer,2,4,18000000,2015-12-25,2015-12-28
233,83,Big Data Specialist,1,4,17500000,2015-12-25,2015-12-28
234,84,Project Manager,1,4,23000000,2016-02-15,2016-02-18
235,84,DevOps Engineer,1,3,14000000,2016-02-15,2016-02-18
236,85,Project Manager,1,4,24000000,2016-03-25,2016-03-28
237,85,Data Engineer,1,3,14500000,2016-03-25,2016-03-28
238,85,Log Analyst,1,3,12500000,2016-03-25,2016-03-28
239,86,Project Manager,1,3,20000000,2016-05-10,2016-05-12
240,86,Game Developer,1,3,13000000,2016-05-10,2016-05-12
241,87,Project Manager,1,5,33000000,2016-06-25,2016-06-28
242,87,DevOps Engineer,2,4,17000000,2016-06-25,2016-06-28
243,88,Project Manager,1,4,25000000,2016-08-15,2016-08-18
244,88,E-commerce Developer,2,3,14000000,2016-08-15,2016-08-18
245,89,Project Manager,1,4,23000000,2016-09-25,2016-09-28
246,89,Backup Administrator,1,3,13500000,2016-09-25,2016-09-28
247,90,Project Manager,1,3,19000000,2016-11-10,2016-11-12
248,90,CRM Specialist,1,3,12000000,2016-11-10,2016-11-12
249,91,Project Manager,1,4,26000000,2016-12-25,2016-12-28
250,91,Database Administrator,1,4,16000000,2016-12-25,2016-12-28
251,92,Project Manager,1,4,24000000,2017-02-10,2017-02-12
252,92,Mobile Developer,2,3,14000000,2017-02-10,2017-02-12
253,93,Project Manager,1,5,35000000,2017-03-25,2017-03-28
254,93,Data Engineer,2,4,18500000,2017-03-25,2017-03-28
255,94,Project Manager,1,4,25000000,2017-05-15,2017-05-18
256,94,Serverless Architect,1,4,17000000,2017-05-15,2017-05-18
257,95,Project Manager,1,4,24000000,2017-06-25,2017-06-28
258,95,Data Analyst,1,3,13500000,2017-06-25,2017-06-28
259,96,Project Manager,1,3,20000000,2017-08-10,2017-08-12
260,96,Payment Developer,1,3,12500000,2017-08-10,2017-08-12
261,97,Project Manager,1,5,36000000,2017-09-25,2017-09-28
262,97,DevOps Engineer,2,4,19000000,2017-09-25,2017-09-28
263,98,Project Manager,1,4,23000000,2017-11-15,2017-11-18
264,98,Frontend Developer,2,3,13000000,2017-11-15,2017-11-18
265,99,Project Manager,1,4,25000000,2017-12-10,2017-12-12
266,99,Security Engineer,1,4,16000000,2017-12-10,2017-12-12
267,100,Project Manager,1,5,38000000,2017-12-15,2017-12-18
268,100,Blockchain Developer,2,4,22000000,2017-12-15,2017-12-18
269,100,Security Auditor,1,5,25000000,2017-12-15,2017-12-18
270,101,Project Manager,1,5,38000000,2018-01-10,2018-01-12
271,101,Data Scientist,3,4,22000000,2018-01-10,2018-01-12
272,101,Machine Learning Engineer,2,4,21000000,2018-01-10,2018-01-12
273,101,Data Engineer,2,3,17000000,2018-01-10,2018-01-12
274,101,DevOps Engineer,1,4,18500000,2018-01-10,2018-01-12
275,102,Project Manager,1,5,37000000,2018-01-25,2018-01-28
276,102,Backend Developer,3,4,19000000,2018-01-25,2018-01-28
277,102,DevOps Engineer,2,4,19500000,2018-01-25,2018-01-28
278,102,Cloud Architect,1,5,25000000,2018-01-25,2018-01-28
279,103,Project Manager,1,5,39000000,2018-03-05,2018-03-08
280,103,Blockchain Developer,3,4,23000000,2018-03-05,2018-03-08
281,103,Security Engineer,2,4,21000000,2018-03-05,2018-03-08
282,103,Cryptography Expert,1,5,26000000,2018-03-05,2018-03-08
283,104,Project Manager,1,4,26000000,2018-03-25,2018-03-28
284,104,Mobile Developer,2,3,16000000,2018-03-25,2018-03-28
285,104,Security Specialist,1,4,18000000,2018-03-25,2018-03-28
286,104,Backend Developer,1,3,15000000,2018-03-25,2018-03-28
287,105,Project Manager,1,5,40000000,2018-05-10,2018-05-12
288,105,Data Scientist,2,4,22500000,2018-05-10,2018-05-12
289,105,Fraud Analyst,2,3,17000000,2018-05-10,2018-05-12
290,105,Data Engineer,1,4,19500000,2018-05-10,2018-05-12
291,106,Project Manager,1,5,42000000,2018-05-25,2018-05-28
292,106,IoT Engineer,3,4,21000000,2018-05-25,2018-05-28
293,106,Data Scientist,2,4,20500000,2018-05-25,2018-05-28
294,106,Industrial Engineer,1,4,19000000,2018-05-25,2018-05-28
295,107,Project Manager,1,4,25000000,2018-07-05,2018-07-08
296,107,Fullstack Developer,2,3,15500000,2018-07-05,2018-07-08
297,107,Cloud Engineer,1,4,17500000,2018-07-05,2018-07-08
298,108,Project Manager,1,5,36000000,2018-07-25,2018-07-28
299,108,Data Engineer,3,4,20000000,2018-07-25,2018-07-28
300,108,Data Architect,1,5,24000000,2018-07-25,2018-07-28
301,108,BI Developer,1,3,16500000,2018-07-25,2018-07-28
302,109,Project Manager,1,5,35000000,2018-09-10,2018-09-12
303,109,Security Architect,2,5,26000000,2018-09-10,2018-09-12
304,109,Network Engineer,2,4,18500000,2018-09-10,2018-09-12
305,109,Compliance Officer,1,4,19000000,2018-09-10,2018-09-12
306,110,Project Manager,1,4,24000000,2018-09-25,2018-09-28
307,110,VR Developer,2,3,17500000,2018-09-25,2018-09-28
308,110,3D Artist,1,3,16000000,2018-09-25,2018-09-28
309,111,Project Manager,1,4,26000000,2018-11-05,2018-11-08
310,111,Data Scientist,2,4,19500000,2018-11-05,2018-11-08
311,111,Machine Learning Engineer,1,4,18500000,2018-11-05,2018-11-08
312,112,Project Manager,1,5,40000000,2018-11-25,2018-11-28
313,112,Cloud Architect,2,5,25500000,2018-11-25,2018-11-28
314,112,DevOps Engineer,2,4,20000000,2018-11-25,2018-11-28
315,112,Network Engineer,1,4,18500000,2018-11-25,2018-11-28
316,113,Project Manager,1,4,23000000,2019-01-10,2019-01-12
317,113,Data Analyst,2,3,15000000,2019-01-10,2019-01-12
318,113,Edge Computing Specialist,1,4,17500000,2019-01-10,2019-01-12
319,114,Project Manager,1,5,37000000,2019-01-25,2019-01-28
320,114,3D Developer,2,4,20500000,2019-01-25,2019-01-28
321,114,Simulation Engineer,2,4,19500000,2019-01-25,2019-01-28
322,115,Project Manager,1,4,24000000,2019-03-05,2019-03-08
323,115,API Developer,2,3,16000000,2019-03-05,2019-03-08
324,115,Product Manager,1,4,19000000,2019-03-05,2019-03-08
325,116,Project Manager,1,5,45000000,2019-03-25,2019-03-28
326,116,Quantum Researcher,3,5,28000000,2019-03-25,2019-03-28
327,116,Physicist,2,5,26000000,2019-03-25,2019-03-28
328,117,Project Manager,1,5,35000000,2019-05-10,2019-05-12
329,117,Network Architect,2,5,25000000,2019-05-10,2019-05-12
330,117,Telecom Engineer,2,4,20000000,2019-05-10,2019-05-12
331,118,Project Manager,1,4,25000000,2019-05-25,2019-05-28
332,118,Data Scientist,2,4,19000000,2019-05-25,2019-05-28
333,118,Backend Developer,1,3,15500000,2019-05-25,2019-05-28
334,119,Project Manager,1,5,39000000,2019-07-05,2019-07-08
335,119,Blockchain Developer,3,4,22000000,2019-07-05,2019-07-08
336,119,Supply Chain Expert,1,4,19500000,2019-07-05,2019-07-08
337,120,Project Manager,1,4,23000000,2019-07-25,2019-07-28
338,120,Cloud Economist,1,4,18500000,2019-07-25,2019-07-28
339,120,Data Analyst,1,3,14500000,2019-07-25,2019-07-28
340,121,Project Manager,1,5,38000000,2019-09-10,2019-09-12
341,121,MLOps Engineer,3,4,21500000,2019-09-10,2019-09-12
342,121,Data Engineer,2,4,19500000,2019-09-10,2019-09-12
343,122,Project Manager,1,4,26000000,2019-09-25,2019-09-28
344,122,Security Engineer,2,4,18500000,2019-09-25,2019-09-28
345,122,DevOps Engineer,1,4,17500000,2019-09-25,2019-09-28
346,123,Project Manager,1,4,24000000,2019-11-05,2019-11-08
347,123,IoT Developer,2,3,16500000,2019-11-05,2019-11-08
348,123,Data Scientist,1,4,18000000,2019-11-05,2019-11-08
349,124,Project Manager,1,5,34000000,2019-11-25,2019-11-28
350,124,Data Architect,2,5,24000000,2019-11-25,2019-11-28
351,124,Data Product Manager,2,4,20000000,2019-11-25,2019-11-28
352,125,Project Manager,1,4,22000000,2018-01-15,2018-01-18
353,125,Ethics Researcher,2,4,18500000,2018-01-15,2018-01-18
354,125,Legal Expert,1,4,19000000,2018-01-15,2018-01-18
355,126,Project Manager,1,4,21000000,2018-02-10,2018-02-12
356,126,Cloud Consultant,1,4,17500000,2018-02-10,2018-02-12
357,126,System Analyst,1,3,14500000,2018-02-10,2018-02-12
358,127,Project Manager,1,5,34000000,2018-03-15,2018-03-18
359,127,Change Manager,2,4,18500000,2018-03-15,2018-03-18
360,127,Collaboration Specialist,2,3,15500000,2018-03-15,2018-03-18
361,128,Project Manager,1,4,25000000,2018-04-20,2018-04-23
362,128,Smart Contract Developer,2,4,19500000,2018-04-20,2018-04-23
363,128,Legal Advisor,1,4,18000000,2018-04-20,2018-04-23
364,129,Project Manager,1,4,23000000,2018-05-25,2018-05-28
365,129,AI Developer,2,3,16000000,2018-05-25,2018-05-28
366,129,Data Processor,1,2,11000000,2018-05-25,2018-05-28
367,130,Project Manager,1,3,20000000,2018-06-30,2018-07-03
368,130,Environmental Engineer,1,3,15000000,2018-06-30,2018-07-03
369,130,IoT Specialist,1,3,14500000,2018-06-30,2018-07-03
370,131,Project Manager,1,4,24000000,2018-08-05,2018-08-08
371,131,Frontend Developer,2,3,15500000,2018-08-05,2018-08-08
372,131,Architecture Lead,1,4,18500000,2018-08-05,2018-08-08
373,132,Project Manager,1,4,22000000,2018-09-10,2018-09-12
374,132,Data Quality Analyst,2,3,15000000,2018-09-10,2018-09-12
375,132,Data Engineer,1,3,14500000,2018-09-10,2018-09-12
376,133,Project Manager,1,5,32000000,2018-10-15,2018-10-18
377,133,Security Architect,2,5,24000000,2018-10-15,2018-10-18
378,133,Cloud Engineer,1,4,18000000,2018-10-15,2018-10-18
379,134,Project Manager,1,4,23000000,2018-11-20,2018-11-23
380,134,AR Developer,2,3,17000000,2018-11-20,2018-11-23
381,134,3D Designer,1,3,15500000,2018-11-20,2018-11-23
382,135,Project Manager,1,4,24000000,2018-12-25,2018-12-28
383,135,AI Researcher,2,4,19000000,2018-12-25,2018-12-28
384,135,HR Consultant,1,3,15000000,2018-12-25,2018-12-28
385,136,Project Manager,1,4,26000000,2019-01-01,2019-01-04
386,136,Cloud Engineer,2,4,18000000,2019-01-01,2019-01-04
387,136,Network Specialist,1,4,17500000,2019-01-01,2019-01-04
388,137,Project Manager,1,5,38000000,2019-02-05,2019-02-08
389,137,Blockchain Developer,3,4,21000000,2019-02-05,2019-02-08
390,137,Asset Manager,1,4,18500000,2019-02-05,2019-02-08
391,138,Project Manager,1,4,24000000,2019-03-10,2019-03-12
392,138,AI Engineer,2,4,18500000,2019-03-10,2019-03-12
393,138,Quality Analyst,1,3,15000000,2019-03-10,2019-03-12
394,139,Project Manager,1,4,23000000,2019-04-15,2019-04-18
395,139,Logistics Engineer,2,3,16000000,2019-04-15,2019-04-18
396,139,GPS Specialist,1,3,14500000,2019-04-15,2019-04-18
397,140,Project Manager,1,4,24000000,2019-05-20,2019-05-23
398,140,Frontend Developer,2,3,15500000,2019-05-20,2019-05-23
399,140,PWA Specialist,1,4,17000000,2019-05-20,2019-05-23
400,141,Project Manager,1,5,35000000,2019-06-25,2019-06-28
401,141,Data Engineer,3,4,19500000,2019-06-25,2019-06-28
402,141,Streaming Specialist,1,4,18500000,2019-06-25,2019-06-28
403,142,Project Manager,1,4,26000000,2019-07-31,2019-08-03
404,142,Security Engineer,2,4,18000000,2019-07-31,2019-08-03
405,142,Cloud Specialist,1,4,17500000,2019-07-31,2019-08-03
406,143,Project Manager,1,4,22000000,2019-09-05,2019-09-08
407,143,NLP Engineer,2,3,16500000,2019-09-05,2019-09-08
408,143,Chatbot Designer,1,3,15000000,2019-09-05,2019-09-08
409,144,Project Manager,1,5,37000000,2019-10-10,2019-10-12
410,144,Blockchain Developer,3,4,20500000,2019-10-10,2019-10-12
411,144,Payment Specialist,1,4,19000000,2019-10-10,2019-10-12
412,145,Project Manager,1,4,24000000,2019-11-15,2019-11-18
413,145,Agricultural Engineer,2,3,16000000,2019-11-15,2019-11-18
414,145,Data Scientist,1,4,17500000,2019-11-15,2019-11-18
415,146,Project Manager,1,4,23000000,2019-12-20,2019-12-23
416,146,Low-code Developer,2,3,15500000,2019-12-20,2019-12-23
417,146,Platform Engineer,1,4,17000000,2019-12-20,2019-12-23
418,147,Project Manager,1,5,30000000,2018-01-20,2018-01-23
419,147,Privacy Officer,2,4,19000000,2018-01-20,2018-01-23
420,147,Compliance Analyst,1,3,15000000,2018-01-20,2018-01-23
421,148,Project Manager,1,4,22000000,2018-02-23,2018-02-26
422,148,Cost Analyst,2,3,14500000,2018-02-23,2018-02-26
423,148,Data Engineer,1,3,14000000,2018-02-23,2018-02-26
424,149,Project Manager,1,4,23000000,2018-03-31,2018-04-03
425,149,Market Analyst,2,3,15500000,2018-03-31,2018-04-03
426,149,Data Scientist,1,4,17000000,2018-03-31,2018-04-03
427,150,Project Manager,1,5,36000000,2018-05-05,2018-05-08
428,150,Blockchain Developer,3,4,20000000,2018-05-05,2018-05-08
429,150,Voting Expert,1,4,18500000,2018-05-05,2018-05-08
430,151,Project Manager,1,5,40000000,2018-06-10,2018-06-13
431,151,Urban Planner,2,4,19500000,2018-06-10,2018-06-13
432,151,IoT Architect,2,4,19000000,2018-06-10,2018-06-13
433,152,Project Manager,1,4,24000000,2018-07-15,2018-07-18
434,152,Content Developer,2,3,15000000,2018-07-15,2018-07-18
435,152,Backend Developer,1,3,14500000,2018-07-15,2018-07-18
436,153,Project Manager,1,4,24000000,2018-08-20,2018-08-23
437,153,Data Scientist,2,4,18000000,2018-08-20,2018-08-23
438,153,Business Analyst,1,3,15000000,2018-08-20,2018-08-23
439,154,Project Manager,1,5,33000000,2018-09-25,2018-09-28
440,154,IAM Specialist,2,4,19500000,2018-09-25,2018-09-28
441,154,Security Engineer,1,4,18500000,2018-09-25,2018-09-28
442,155,Project Manager,1,4,23000000,2018-10-31,2018-11-03
443,155,AI Developer,2,3,16000000,2018-10-31,2018-11-03
444,155,UX Researcher,1,3,14500000,2018-10-31,2018-11-03
445,156,Project Manager,1,5,35000000,2018-12-05,2018-12-08
446,156,Backend Developer,3,4,18500000,2018-12-05,2018-12-08
447,156,SaaS Architect,1,5,23000000,2018-12-05,2018-12-08
448,157,Project Manager,1,4,25000000,2019-01-10,2019-01-13
449,157,DR Specialist,2,4,17500000,2019-01-10,2019-01-13
450,157,Cloud Engineer,1,3,15500000,2019-01-10,2019-01-13
451,158,Project Manager,1,4,24000000,2019-02-15,2019-02-18
452,158,Blockchain Developer,2,3,16500000,2019-02-15,2019-02-18
453,158,Certificate Authority,1,4,18000000,2019-02-15,2019-02-18
454,159,Project Manager,1,5,39000000,2019-03-20,2019-03-23
455,159,Medical IoT Engineer,3,4,20500000,2019-03-20,2019-03-23
456,159,Healthcare Compliance,1,4,19500000,2019-03-20,2019-03-23
457,160,Project Manager,1,4,23000000,2019-04-25,2019-04-28
458,160,Observability Engineer,2,3,16000000,2019-04-25,2019-04-28
459,160,Site Reliability,1,4,17500000,2019-04-25,2019-04-28
460,161,Project Manager,1,4,24000000,2019-05-31,2019-06-03
461,161,Data Catalog Specialist,2,3,15500000,2019-05-31,2019-06-03
462,161,Metadata Engineer,1,3,15000000,2019-05-31,2019-06-03
463,162,Project Manager,1,4,26000000,2019-07-05,2019-07-08
464,162,Security Engineer,2,4,18000000,2019-07-05,2019-07-08
465,162,Cloud Security,1,4,17500000,2019-07-05,2019-07-08
466,163,Project Manager,1,4,25000000,2019-08-10,2019-08-12
467,163,Speech Engineer,2,4,18500000,2019-08-10,2019-08-12
468,163,AI Researcher,1,4,18000000,2019-08-10,2019-08-12
469,164,Project Manager,1,4,23000000,2019-09-15,2019-09-18
470,164,Blockchain Developer,2,3,16000000,2019-09-15,2019-09-18
471,164,Royalty Manager,1,3,14500000,2019-09-15,2019-09-18
472,165,Project Manager,1,4,24000000,2019-10-20,2019-10-23
473,165,Energy Analyst,2,3,15500000,2019-10-20,2019-10-23
474,165,IoT Engineer,1,3,15000000,2019-10-20,2019-10-23
475,166,Project Manager,1,4,23000000,2019-11-25,2019-11-28
476,166,Frontend Developer,2,3,15000000,2019-11-25,2019-11-28
477,166,Jamstack Expert,1,4,17000000,2019-11-25,2019-11-28
478,167,Project Manager,1,5,30000000,2018-01-31,2018-02-03
479,167,Data Governance,2,4,18500000,2018-01-31,2018-02-03
480,167,Lineage Specialist,1,4,17500000,2018-01-31,2018-02-03
481,168,Project Manager,1,4,22000000,2018-03-07,2018-03-10
482,168,Network Engineer,2,3,15000000,2018-03-07,2018-03-10
483,168,Cloud Network,1,4,17000000,2018-03-07,2018-03-10
484,169,Project Manager,1,4,24000000,2018-04-13,2018-04-16
485,169,Risk Analyst,2,3,15500000,2018-04-13,2018-04-16
486,169,Data Scientist,1,4,17500000,2018-04-13,2018-04-16
487,170,Project Manager,1,5,38000000,2018-05-18,2018-05-21
488,170,Blockchain Developer,3,4,20000000,2018-05-18,2018-05-21
489,170,Environmental Expert,1,4,18500000,2018-05-18,2018-05-21
490,171,Project Manager,1,4,23000000,2018-06-23,2018-06-26
491,171,Hydrologist,2,3,15000000,2018-06-23,2018-06-26
492,171,IoT Engineer,1,3,14500000,2018-06-23,2018-06-26
493,172,Project Manager,1,4,24000000,2018-07-29,2018-08-01
494,172,Frontend Developer,2,3,15000000,2018-07-29,2018-08-01
495,172,SEO Specialist,1,3,14000000,2018-07-29,2018-08-01
496,173,Project Manager,1,4,25000000,2018-09-03,2018-09-06
497,173,BI Developer,2,3,16000000,2018-09-03,2018-09-06
498,173,Data Engineer,1,4,17500000,2018-09-03,2018-09-06
499,174,Project Manager,1,5,34000000,2018-10-08,2018-10-11
500,174,Security Analyst,2,4,19000000,2018-10-08,2018-10-11
501,174,Vulnerability Manager,1,4,18000000,2018-10-08,2018-10-11
502,175,Project Manager,1,4,23000000,2018-11-13,2018-11-16
503,175,AI Developer,2,3,15500000,2018-11-13,2018-11-16
504,175,Code Reviewer,1,3,14500000,2018-11-13,2018-11-16
505,176,Project Manager,1,5,36000000,2018-12-18,2018-12-21
506,176,Database Architect,2,4,19500000,2018-12-18,2018-12-21
507,176,Cloud DBA,1,4,18500000,2018-12-18,2018-12-21
508,177,Project Manager,1,4,25000000,2019-01-23,2019-01-26
509,177,Network Architect,2,4,17500000,2019-01-23,2019-01-26
510,177,Cloud Network,1,4,17000000,2019-01-23,2019-01-26
511,178,Project Manager,1,4,24000000,2019-02-28,2019-03-03
512,178,IP Lawyer,1,4,19000000,2019-02-28,2019-03-03
513,178,Blockchain Developer,2,3,16000000,2019-02-28,2019-03-03
514,179,Project Manager,1,5,39000000,2019-04-05,2019-04-08
515,179,Automotive Engineer,2,4,20500000,2019-04-05,2019-04-08
516,179,Edge AI Specialist,2,4,19500000,2019-04-05,2019-04-08
517,180,Project Manager,1,4,23000000,2019-05-10,2019-05-13
518,180,API Developer,2,3,15500000,2019-05-10,2019-05-13
519,180,GraphQL Specialist,1,4,17000000,2019-05-10,2019-05-13
520,181,Project Manager,1,4,24000000,2019-06-15,2019-06-18
521,181,Privacy Engineer,2,3,16000000,2019-06-15,2019-06-18
522,181,Data Anonymization,1,4,17500000,2019-06-15,2019-06-18
523,182,Project Manager,1,4,26000000,2019-07-20,2019-07-23
524,182,Security Automation,2,4,18000000,2019-07-20,2019-07-23
525,182,Cloud Security,1,4,17500000,2019-07-20,2019-07-23
526,183,Project Manager,1,4,25000000,2019-08-25,2019-08-28
527,183,Vision Engineer,2,4,18500000,2019-08-25,2019-08-28
528,183,AI Researcher,1,4,18000000,2019-08-25,2019-08-28
529,184,Project Manager,1,5,37000000,2019-09-30,2019-10-03
530,184,Healthcare Blockchain,3,4,20000000,2019-09-30,2019-10-03
531,184,Medical Records,1,4,19000000,2019-09-30,2019-10-03
532,185,Project Manager,1,4,24000000,2019-11-05,2019-11-08
533,185,Predictive Analyst,2,3,15500000,2019-11-05,2019-11-08
534,185,IoT Engineer,1,3,15000000,2019-11-05,2019-11-08
535,186,Project Manager,1,4,23000000,2019-12-10,2019-12-13
536,186,WASM Developer,2,3,16000000,2019-12-10,2019-12-13
537,186,Web Developer,1,3,14500000,2019-12-10,2019-12-13
538,187,Project Manager,1,5,30000000,2018-02-10,2018-02-13
539,187,Ethics Board,2,4,18500000,2018-02-10,2018-02-13
540,187,Compliance Officer,1,4,17500000,2018-02-10,2018-02-13
541,188,Project Manager,1,4,22000000,2018-03-17,2018-03-20
542,188,Cost Analyst,2,3,14500000,2018-03-17,2018-03-20
543,188,Data Scientist,1,3,14000000,2018-03-17,2018-03-20
544,189,Project Manager,1,4,23000000,2018-04-22,2018-04-25
545,189,Sentiment Analyst,2,3,15000000,2018-04-22,2018-04-25
546,189,Data Engineer,1,3,14500000,2018-04-22,2018-04-25
547,190,Project Manager,1,5,37000000,2018-05-28,2018-05-31
548,190,Real Estate Expert,2,4,19000000,2018-05-28,2018-05-31
549,190,Blockchain Developer,2,4,18500000,2018-05-28,2018-05-31
550,191,Project Manager,1,4,23000000,2018-07-02,2018-07-05
551,191,Logistics Analyst,2,3,15000000,2018-07-02,2018-07-05
552,191,IoT Engineer,1,3,14500000,2018-07-02,2018-07-05
553,192,Project Manager,1,4,24000000,2018-08-07,2018-08-10
554,192,E-commerce Developer,2,3,15000000,2018-08-07,2018-08-10
555,192,PWA Specialist,1,4,16500000,2018-08-07,2018-08-10
556,193,Project Manager,1,4,25000000,2018-09-12,2018-09-15
557,193,Data Integration,2,3,15500000,2018-09-12,2018-09-15
558,193,BI Developer,1,3,15000000,2018-09-12,2018-09-15
559,194,Project Manager,1,5,34000000,2018-10-17,2018-10-20
560,194,Security Assessor,2,4,18500000,2018-10-17,2018-10-20
561,194,Compliance Officer,1,4,17500000,2018-10-17,2018-10-20
562,195,Project Manager,1,4,23000000,2018-11-22,2018-11-25
563,195,Translation Expert,2,3,15500000,2018-11-22,2018-11-25
564,195,AI Developer,1,3,15000000,2018-11-22,2018-11-25
565,196,Project Manager,1,5,36000000,2018-11-27,2018-11-30
566,196,Event Architect,2,4,19000000,2018-11-27,2018-11-30
567,196,Streaming Engineer,1,4,18500000,2018-11-27,2018-11-30
568,197,Project Manager,1,4,25000000,2019-01-02,2019-01-05
569,197,Network Engineer,2,3,16000000,2019-01-02,2019-01-05
570,197,Load Balancer,1,4,17000000,2019-01-02,2019-01-05
571,198,Project Manager,1,4,24000000,2019-02-07,2019-02-10
572,198,Identity Specialist,2,3,15500000,2019-02-07,2019-02-10
573,198,Blockchain Developer,1,3,15000000,2019-02-07,2019-02-10
574,199,Project Manager,1,5,39000000,2019-03-14,2019-03-17
575,199,Automotive Engineer,3,4,20500000,2019-03-14,2019-03-17
576,199,Edge Computing,1,4,19500000,2019-03-14,2019-03-17
577,200,Project Manager,1,4,23000000,2019-04-19,2019-04-22
578,200,Serverless Developer,2,3,15500000,2019-04-19,2019-04-22
579,200,Microservices,1,3,15000000,2019-04-19,2019-04-22
580,201,Project Manager,1,5,45000000,2020-01-10,2020-01-12
581,201,AI/ML Engineer,3,5,38000000,2020-01-10,2020-01-12
582,201,Data Scientist,2,4,32000000,2020-01-10,2020-01-12
583,201,Backend Developer,2,4,25000000,2020-01-10,2020-01-12
584,201,DevOps Engineer,1,4,28000000,2020-01-10,2020-01-12
585,201,Security Specialist,1,5,35000000,2020-01-10,2020-01-12
586,201,QA Engineer,2,3,18000000,2020-01-10,2020-01-12
587,202,Project Manager,1,5,42000000,2020-01-25,2020-01-28
588,202,Cloud Architect,1,6,48000000,2020-01-25,2020-01-28
589,202,Infrastructure Engineer,3,4,28000000,2020-01-25,2020-01-28
590,202,Backend Developer,2,4,25000000,2020-01-25,2020-01-28
591,202,DevOps Engineer,2,4,28000000,2020-01-25,2020-01-28
592,202,Network Specialist,1,5,35000000,2020-01-25,2020-01-28
593,203,Project Manager,1,4,38000000,2020-03-05,2020-03-08
594,203,Mobile Developer,3,4,30000000,2020-03-05,2020-03-08
595,203,Backend Developer,2,4,25000000,2020-03-05,2020-03-08
596,203,Frontend Developer,1,3,20000000,2020-03-05,2020-03-08
597,203,Security Specialist,1,5,35000000,2020-03-05,2020-03-08
598,203,QA Engineer,2,3,18000000,2020-03-05,2020-03-08
599,204,Project Manager,1,5,45000000,2020-03-25,2020-03-28
600,204,Backend Developer,3,4,25000000,2020-03-25,2020-03-28
601,204,Frontend Developer,2,4,22000000,2020-03-25,2020-03-28
602,204,Healthcare Specialist,1,5,40000000,2020-03-25,2020-03-28
603,204,Compliance Officer,1,5,38000000,2020-03-25,2020-03-28
604,204,DevOps Engineer,1,4,28000000,2020-03-25,2020-03-28
605,204,QA Engineer,2,3,18000000,2020-03-25,2020-03-28
606,205,Project Manager,1,5,45000000,2020-05-10,2020-05-12
607,205,AI/ML Engineer,3,5,38000000,2020-05-10,2020-05-12
608,205,Data Engineer,2,4,32000000,2020-05-10,2020-05-12
609,205,Backend Developer,2,4,25000000,2020-05-10,2020-05-12
610,205,Supply Chain Analyst,1,4,30000000,2020-05-10,2020-05-12
611,205,DevOps Engineer,1,4,28000000,2020-05-10,2020-05-12
612,206,Project Manager,1,4,38000000,2020-05-25,2020-05-28
613,206,Frontend Developer,3,4,22000000,2020-05-25,2020-05-28
614,206,Backend Developer,2,4,25000000,2020-05-25,2020-05-28
615,206,UI/UX Designer,1,3,18000000,2020-05-25,2020-05-28
616,206,QA Engineer,2,3,18000000,2020-05-25,2020-05-28
617,207,Project Manager,1,5,42000000,2020-07-05,2020-07-08
618,207,Cloud Engineer,2,4,28000000,2020-07-05,2020-07-08
619,207,FinOps Specialist,1,5,35000000,2020-07-05,2020-07-08
620,207,Backend Developer,2,4,25000000,2020-07-05,2020-07-08
621,207,Data Analyst,1,4,30000000,2020-07-05,2020-07-08
622,208,Project Manager,1,6,50000000,2020-07-25,2020-07-28
623,208,AI Research Scientist,3,6,45000000,2020-07-25,2020-07-28
624,208,Data Scientist,2,5,38000000,2020-07-25,2020-07-28
625,208,Bioinformatician,2,5,40000000,2020-07-25,2020-07-28
626,208,Backend Developer,2,4,25000000,2020-07-25,2020-07-28
627,208,DevOps Engineer,1,4,28000000,2020-07-25,2020-07-28
628,209,Project Manager,1,5,45000000,2020-09-10,2020-09-12
629,209,Security Architect,1,6,48000000,2020-09-10,2020-09-12
630,209,Security Engineer,3,5,38000000,2020-09-10,2020-09-12
631,209,Network Engineer,2,4,30000000,2020-09-10,2020-09-12
632,209,Backend Developer,1,4,25000000,2020-09-10,2020-09-12
633,210,Project Manager,1,5,45000000,2020-09-25,2020-09-28
634,210,Backend Developer,3,4,25000000,2020-09-25,2020-09-28
635,210,Frontend Developer,2,4,22000000,2020-09-25,2020-09-28
636,210,Government Liaison,1,5,40000000,2020-09-25,2020-09-28
637,210,Compliance Specialist,1,5,38000000,2020-09-25,2020-09-28
638,211,Project Manager,1,5,45000000,2020-11-05,2020-11-08
639,211,AI/ML Engineer,3,5,38000000,2020-11-05,2020-11-08
640,211,Logistics Analyst,2,4,30000000,2020-11-05,2020-11-08
641,211,Backend Developer,2,4,25000000,2020-11-05,2020-11-08
642,211,DevOps Engineer,1,4,28000000,2020-11-05,2020-11-08
643,211,QA Engineer,2,3,18000000,2020-11-05,2020-11-08
644,212,Project Manager,1,4,38000000,2020-11-25,2020-11-28
645,212,Frontend Developer,3,4,22000000,2020-11-25,2020-11-28
646,212,Backend Developer,2,4,25000000,2020-11-25,2020-11-28
647,212,Mobile Developer,2,4,30000000,2020-11-25,2020-11-28
648,212,UI/UX Designer,1,3,18000000,2020-11-25,2020-11-28
649,213,Project Manager,1,5,42000000,2021-01-10,2021-01-12
650,213,IoT Engineer,3,5,38000000,2021-01-10,2021-01-12
651,213,Edge Computing Specialist,2,5,35000000,2021-01-10,2021-01-12
652,213,Backend Developer,2,4,25000000,2021-01-10,2021-01-12
653,213,Healthcare IT Specialist,1,5,40000000,2021-01-10,2021-01-12
654,214,Project Manager,1,5,45000000,2021-01-25,2021-01-28
655,214,Blockchain Developer,3,5,40000000,2021-01-25,2021-01-28
656,214,Security Specialist,2,5,38000000,2021-01-25,2021-01-28
657,214,Frontend Developer,2,4,22000000,2021-01-25,2021-01-28
658,214,Compliance Officer,1,5,35000000,2021-01-25,2021-01-28
659,215,Project Manager,1,4,38000000,2021-03-05,2021-03-08
660,215,Backend Developer,3,4,25000000,2021-03-05,2021-03-08
661,215,API Specialist,2,4,28000000,2021-03-05,2021-03-08
662,215,Frontend Developer,1,3,20000000,2021-03-05,2021-03-08
663,215,QA Engineer,1,3,18000000,2021-03-05,2021-03-08
664,216,Project Manager,1,6,50000000,2021-03-25,2021-03-28
665,216,Quantum Researcher,3,7,55000000,2021-03-25,2021-03-28
666,216,AI Scientist,2,6,48000000,2021-03-25,2021-03-28
667,216,Data Scientist,2,5,38000000,2021-03-25,2021-03-28
668,216,Software Engineer,2,4,25000000,2021-03-25,2021-03-28
669,217,Project Manager,1,5,45000000,2021-05-10,2021-05-12
670,217,Network Architect,1,6,48000000,2021-05-10,2021-05-12
671,217,5G Engineer,3,5,40000000,2021-05-10,2021-05-12
672,217,Infrastructure Engineer,2,4,30000000,2021-05-10,2021-05-12
673,217,Backend Developer,2,4,25000000,2021-05-10,2021-05-12
674,218,Project Manager,1,5,42000000,2021-05-25,2021-05-28
675,218,AI/ML Engineer,2,5,38000000,2021-05-25,2021-05-28
676,218,Psychologist Consultant,1,5,35000000,2021-05-25,2021-05-28
677,218,Backend Developer,2,4,25000000,2021-05-25,2021-05-28
678,218,Frontend Developer,1,4,22000000,2021-05-25,2021-05-28
679,218,QA Engineer,1,3,18000000,2021-05-25,2021-05-28
680,219,Project Manager,1,5,45000000,2021-07-05,2021-07-08
681,219,Blockchain Developer,3,5,40000000,2021-07-05,2021-07-08
682,219,Finance Specialist,2,5,38000000,2021-07-05,2021-07-08
683,219,Backend Developer,2,4,25000000,2021-07-05,2021-07-08
684,219,Security Engineer,1,5,35000000,2021-07-05,2021-07-08
685,220,Project Manager,1,4,38000000,2021-07-25,2021-07-28
686,220,Cloud Architect,1,5,42000000,2021-07-25,2021-07-28
687,220,Sustainability Engineer,2,4,30000000,2021-07-25,2021-07-28
688,220,Backend Developer,2,4,25000000,2021-07-25,2021-07-28
689,220,Data Analyst,1,4,28000000,2021-07-25,2021-07-28
690,221,Project Manager,1,5,45000000,2021-09-10,2021-09-12
691,221,Federated Learning Expert,2,6,48000000,2021-09-10,2021-09-12
692,221,AI/ML Engineer,3,5,38000000,2021-09-10,2021-09-12
693,221,Security Specialist,1,5,35000000,2021-09-10,2021-09-12
694,221,Backend Developer,2,4,25000000,2021-09-10,2021-09-12
695,221,DevOps Engineer,1,4,28000000,2021-09-10,2021-09-12
696,222,Project Manager,1,4,38000000,2021-09-25,2021-09-28
697,222,DevSecOps Engineer,3,5,35000000,2021-09-25,2021-09-28
698,222,Security Analyst,2,4,30000000,2021-09-25,2021-09-28
699,222,Automation Engineer,2,4,28000000,2021-09-25,2021-09-28
700,222,Backend Developer,1,4,25000000,2021-09-25,2021-09-28
701,223,Project Manager,1,5,42000000,2021-11-05,2021-11-08
702,223,IoT Engineer,3,5,38000000,2021-11-05,2021-11-08
703,223,Healthcare IT Specialist,2,5,35000000,2021-11-05,2021-11-08
704,223,Backend Developer,2,4,25000000,2021-11-05,2021-11-08
705,223,Data Engineer,1,4,30000000,2021-11-05,2021-11-08
706,223,QA Engineer,1,3,18000000,2021-11-05,2021-11-08
707,224,Project Manager,1,5,45000000,2021-11-25,2021-11-28
708,224,Data Architect,1,6,48000000,2021-11-25,2021-11-28
709,224,Data Engineer,3,5,38000000,2021-11-25,2021-11-28
710,224,Backend Developer,2,4,25000000,2021-11-25,2021-11-28
711,224,Data Governance Specialist,1,5,35000000,2021-11-25,2021-11-28
712,224,DevOps Engineer,1,4,28000000,2021-11-25,2021-11-28
713,225,Project Manager,1,5,42000000,2020-01-15,2020-01-18
714,225,AI Ethics Specialist,2,5,38000000,2020-01-15,2020-01-18
715,225,AI/ML Engineer,2,4,32000000,2020-01-15,2020-01-18
716,225,Backend Developer,2,4,25000000,2020-01-15,2020-01-18
717,225,Compliance Officer,1,5,35000000,2020-01-15,2020-01-18
718,226,Project Manager,1,4,38000000,2020-02-10,2020-02-12
719,226,Cloud Engineer,3,4,28000000,2020-02-10,2020-02-12
720,226,Backend Developer,2,4,25000000,2020-02-10,2020-02-12
721,226,DevOps Engineer,1,4,28000000,2020-02-10,2020-02-12
722,226,QA Engineer,1,3,18000000,2020-02-10,2020-02-12
723,227,Project Manager,1,5,45000000,2020-03-15,2020-03-18
724,227,Backend Developer,3,4,25000000,2020-03-15,2020-03-18
725,227,Frontend Developer,2,4,22000000,2020-03-15,2020-03-18
726,227,Finance Specialist,1,5,38000000,2020-03-15,2020-03-18
727,227,Security Engineer,1,5,35000000,2020-03-15,2020-03-18
728,227,QA Engineer,2,3,18000000,2020-03-15,2020-03-18
729,228,Project Manager,1,5,42000000,2020-04-20,2020-04-23
730,228,Blockchain Developer,3,5,40000000,2020-04-20,2020-04-23
731,228,DeFi Specialist,2,5,38000000,2020-04-20,2020-04-23
732,228,Frontend Developer,1,4,22000000,2020-04-20,2020-04-23
733,228,Security Analyst,1,5,35000000,2020-04-20,2020-04-23
734,229,Project Manager,1,5,45000000,2020-05-25,2020-05-28
735,229,AI/ML Engineer,3,5,38000000,2020-05-25,2020-05-28
736,229,Clinical Data Scientist,2,5,40000000,2020-05-25,2020-05-28
737,229,Backend Developer,2,4,25000000,2020-05-25,2020-05-28
738,229,Regulatory Specialist,1,5,35000000,2020-05-25,2020-05-28
739,230,Project Manager,1,4,38000000,2020-06-30,2020-07-03
740,230,IoT Engineer,3,4,30000000,2020-06-30,2020-07-03
741,230,Backend Developer,2,4,25000000,2020-06-30,2020-07-03
742,230,Healthcare Specialist,1,4,32000000,2020-06-30,2020-07-03
743,230,QA Engineer,1,3,18000000,2020-06-30,2020-07-03
744,231,Project Manager,1,4,38000000,2020-08-05,2020-08-08
745,231,Backend Developer,3,4,25000000,2020-08-05,2020-08-08
746,231,Microservices Architect,1,5,35000000,2020-08-05,2020-08-08
747,231,DevOps Engineer,2,4,28000000,2020-08-05,2020-08-08
748,231,QA Engineer,1,3,18000000,2020-08-05,2020-08-08
749,232,Project Manager,1,4,38000000,2020-09-10,2020-09-12
750,232,Data Engineer,3,4,30000000,2020-09-10,2020-09-12
751,232,Backend Developer,2,4,25000000,2020-09-10,2020-09-12
752,232,Analytics Specialist,1,4,28000000,2020-09-10,2020-09-12
753,232,QA Engineer,1,3,18000000,2020-09-10,2020-09-12
754,233,Project Manager,1,5,42000000,2020-10-15,2020-10-18
755,233,Security Engineer,3,5,35000000,2020-10-15,2020-10-18
756,233,Cloud Security Specialist,2,5,38000000,2020-10-15,2020-10-18
757,233,Backend Developer,1,4,25000000,2020-10-15,2020-10-18
758,233,Compliance Officer,1,5,35000000,2020-10-15,2020-10-18
759,234,Project Manager,1,4,38000000,2020-11-20,2020-11-23
760,234,AR Developer,3,4,30000000,2020-11-20,2020-11-23
761,234,Frontend Developer,2,4,22000000,2020-11-20,2020-11-23
762,234,3D Artist,1,3,20000000,2020-11-20,2020-11-23
763,234,QA Engineer,1,3,18000000,2020-11-20,2020-11-23
764,235,Project Manager,1,4,38000000,2020-12-25,2020-12-28
765,235,NLP Engineer,2,4,32000000,2020-12-25,2020-12-28
766,235,Backend Developer,2,4,25000000,2020-12-25,2020-12-28
767,235,Frontend Developer,1,3,20000000,2020-12-25,2020-12-28
768,235,Chatbot Specialist,1,4,28000000,2020-12-25,2020-12-28
769,236,Project Manager,1,5,42000000,2021-01-01,2021-01-04
770,236,Cloud Architect,1,6,48000000,2021-01-01,2021-01-04
771,236,Data Governance Specialist,2,5,35000000,2021-01-01,2021-01-04
772,236,Backend Developer,2,4,25000000,2021-01-01,2021-01-04
773,236,DevOps Engineer,1,4,28000000,2021-01-01,2021-01-04
774,237,Project Manager,1,5,42000000,2021-02-05,2021-02-08
775,237,Blockchain Developer,3,5,40000000,2021-02-05,2021-02-08
776,237,Frontend Developer,2,4,22000000,2021-02-05,2021-02-08
777,237,Digital Assets Specialist,1,5,35000000,2021-02-05,2021-02-08
778,237,Security Engineer,1,5,35000000,2021-02-05,2021-02-08
779,238,Project Manager,1,4,38000000,2021-03-10,2021-03-12
780,238,Edge AI Engineer,3,5,38000000,2021-03-10,2021-03-12
781,238,IoT Specialist,2,4,30000000,2021-03-10,2021-03-12
782,238,Backend Developer,1,4,25000000,2021-03-10,2021-03-12
783,238,QA Engineer,1,3,18000000,2021-03-10,2021-03-12
784,239,Project Manager,1,4,38000000,2021-04-15,2021-04-18
785,239,IoT Engineer,3,4,30000000,2021-04-15,2021-04-18
786,239,Data Scientist,2,4,32000000,2021-04-15,2021-04-18
787,239,Backend Developer,1,4,25000000,2021-04-15,2021-04-18
788,239,QA Engineer,1,3,18000000,2021-04-15,2021-04-18
789,240,Project Manager,1,4,38000000,2021-05-20,2021-05-23
790,240,Backend Developer,3,4,25000000,2021-05-20,2021-05-23
791,240,Data Engineer,2,4,30000000,2021-05-20,2021-05-23
792,240,DevOps Engineer,1,4,28000000,2021-05-20,2021-05-23
793,240,QA Engineer,1,3,18000000,2021-05-20,2021-05-23
794,241,Project Manager,1,5,42000000,2021-06-25,2021-06-28
795,241,Risk Analyst,2,5,35000000,2021-06-25,2021-06-28
796,241,Data Scientist,2,4,32000000,2021-06-25,2021-06-28
797,241,Backend Developer,2,4,25000000,2021-06-25,2021-06-28
798,241,Real-time Engineer,1,5,38000000,2021-06-25,2021-06-28
799,242,Project Manager,1,4,38000000,2021-07-31,2021-08-03
800,242,Security Engineer,3,5,35000000,2021-07-31,2021-08-03
801,242,Backend Developer,2,4,25000000,2021-07-31,2021-08-03
802,242,Network Specialist,1,4,30000000,2021-07-31,2021-08-03
803,242,QA Engineer,1,3,18000000,2021-07-31,2021-08-03
804,243,Project Manager,1,4,38000000,2021-09-05,2021-09-08
805,243,AI Content Specialist,3,4,32000000,2021-09-05,2021-09-08
806,243,Frontend Developer,2,4,22000000,2021-09-05,2021-09-08
807,243,Backend Developer,1,4,25000000,2021-09-05,2021-09-08
808,243,QA Engineer,1,3,18000000,2021-09-05,2021-09-08
809,244,Project Manager,1,5,42000000,2021-10-10,2021-10-12
810,244,Blockchain Developer,3,5,40000000,2021-10-10,2021-10-12
811,244,Identity Specialist,2,5,35000000,2021-10-10,2021-10-12
812,244,Frontend Developer,1,4,22000000,2021-10-10,2021-10-12
813,244,Security Engineer,1,5,35000000,2021-10-10,2021-10-12
814,245,Project Manager,1,4,38000000,2021-11-15,2021-11-18
815,245,IoT Engineer,3,4,30000000,2021-11-15,2021-11-18
816,245,Agriculture Specialist,1,4,28000000,2021-11-15,2021-11-18
817,245,Backend Developer,2,4,25000000,2021-11-15,2021-11-18
818,245,Data Analyst,1,4,28000000,2021-11-15,2021-11-18
819,246,Project Manager,1,4,38000000,2021-12-20,2021-12-23
820,246,Low-code Developer,3,3,22000000,2021-12-20,2021-12-23
821,246,Backend Developer,2,4,25000000,2021-12-20,2021-12-23
822,246,UI/UX Designer,1,3,18000000,2021-12-20,2021-12-23
823,246,QA Engineer,1,3,18000000,2021-12-20,2021-12-23
824,247,Project Manager,1,5,42000000,2020-01-20,2020-01-23
825,247,Privacy Engineer,2,5,35000000,2020-01-20,2020-01-23
826,247,Data Governance Specialist,2,5,38000000,2020-01-20,2020-01-23
827,247,Backend Developer,1,4,25000000,2020-01-20,2020-01-23
828,247,Compliance Officer,1,5,35000000,2020-01-20,2020-01-23
829,248,Project Manager,1,4,38000000,2020-02-23,2020-02-26
830,248,FinOps Specialist,2,4,30000000,2020-02-23,2020-02-26
831,248,Backend Developer,2,4,25000000,2020-02-23,2020-02-26
832,248,Data Analyst,1,4,28000000,2020-02-23,2020-02-26
833,248,QA Engineer,1,3,18000000,2020-02-23,2020-02-26
834,249,Project Manager,1,4,38000000,2020-03-31,2020-04-03
835,249,Market Research Analyst,2,4,28000000,2020-03-31,2020-04-03
836,249,Data Scientist,2,4,32000000,2020-03-31,2020-04-03
837,249,Backend Developer,1,4,25000000,2020-03-31,2020-04-03
838,249,Frontend Developer,1,3,20000000,2020-03-31,2020-04-03
839,250,Project Manager,1,5,42000000,2020-05-05,2020-05-08
840,250,Blockchain Developer,3,5,40000000,2020-05-05,2020-05-08
841,250,Security Specialist,2,5,35000000,2020-05-05,2020-05-08
842,250,Frontend Developer,1,4,22000000,2020-05-05,2020-05-08
843,250,Legal Consultant,1,5,38000000,2020-05-05,2020-05-08
844,251,Project Manager,1,5,42000000,2020-06-10,2020-06-13
845,251,IoT Architect,1,6,48000000,2020-06-10,2020-06-13
846,251,IoT Engineer,3,5,38000000,2020-06-10,2020-06-13
847,251,City Planning Specialist,1,5,35000000,2020-06-10,2020-06-13
848,251,Backend Developer,2,4,25000000,2020-06-10,2020-06-13
849,252,Project Manager,1,4,38000000,2020-07-15,2020-07-18
850,252,Frontend Developer,3,4,22000000,2020-07-15,2020-07-18
851,252,Backend Developer,2,4,25000000,2020-07-15,2020-07-18
852,252,E-commerce Specialist,1,4,28000000,2020-07-15,2020-07-18
853,252,QA Engineer,1,3,18000000,2020-07-15,2020-07-18
854,253,Project Manager,1,4,38000000,2020-08-20,2020-08-23
855,253,Data Scientist,2,4,32000000,2020-08-20,2020-08-23
856,253,IoT Engineer,2,4,30000000,2020-08-20,2020-08-23
857,253,Backend Developer,1,4,25000000,2020-08-20,2020-08-23
858,253,QA Engineer,1,3,18000000,2020-08-20,2020-08-23
859,254,Project Manager,1,5,42000000,2020-09-25,2020-09-28
860,254,Identity Architect,1,6,48000000,2020-09-25,2020-09-28
861,254,Security Engineer,3,5,35000000,2020-09-25,2020-09-28
862,254,Backend Developer,1,4,25000000,2020-09-25,2020-09-28
863,254,Compliance Specialist,1,5,35000000,2020-09-25,2020-09-28
864,255,Project Manager,1,4,38000000,2020-10-31,2020-11-03
865,255,AI/ML Engineer,2,4,32000000,2020-10-31,2020-11-03
866,255,Backend Developer,2,4,25000000,2020-10-31,2020-11-03
867,255,Frontend Developer,1,3,20000000,2020-10-31,2020-11-03
868,255,QA Engineer,1,3,18000000,2020-10-31,2020-11-03
869,256,Project Manager,1,5,42000000,2020-12-05,2020-12-08
870,256,Backend Developer,3,4,25000000,2020-12-05,2020-12-08
871,256,Frontend Developer,2,4,22000000,2020-12-05,2020-12-08
872,256,Multi-tenant Specialist,1,5,35000000,2020-12-05,2020-12-08
873,256,Security Engineer,1,5,35000000,2020-12-05,2020-12-08
874,257,Project Manager,1,4,38000000,2021-01-10,2021-01-13
875,257,DR Specialist,2,5,35000000,2021-01-10,2021-01-13
876,257,Cloud Engineer,2,4,28000000,2021-01-10,2021-01-13
877,257,Backend Developer,1,4,25000000,2021-01-10,2021-01-13
878,257,QA Engineer,1,3,18000000,2021-01-10,2021-01-13
879,258,Project Manager,1,4,38000000,2021-02-15,2021-02-18
880,258,Blockchain Developer,3,4,32000000,2021-02-15,2021-02-18
881,258,Frontend Developer,1,3,20000000,2021-02-15,2021-02-18
882,258,Finance Specialist,1,4,28000000,2021-02-15,2021-02-18
883,258,QA Engineer,1,3,18000000,2021-02-15,2021-02-18
884,259,Project Manager,1,5,42000000,2021-03-20,2021-03-23
885,259,Edge Computing Engineer,3,5,38000000,2021-03-20,2021-03-23
886,259,Retail Specialist,1,4,28000000,2021-03-20,2021-03-23
887,259,Backend Developer,2,4,25000000,2021-03-20,2021-03-23
888,259,IoT Engineer,1,4,30000000,2021-03-20,2021-03-23
889,260,Project Manager,1,4,38000000,2021-04-25,2021-04-28
890,260,Observability Engineer,3,4,30000000,2021-04-25,2021-04-28
891,260,Backend Developer,2,4,25000000,2021-04-25,2021-04-28
892,260,DevOps Engineer,1,4,28000000,2021-04-25,2021-04-28
893,260,QA Engineer,1,3,18000000,2021-04-25,2021-04-28
894,261,Project Manager,1,4,38000000,2021-05-31,2021-06-03
895,261,Data Catalog Specialist,2,4,30000000,2021-05-31,2021-06-03
896,261,Data Engineer,2,4,32000000,2021-05-31,2021-06-03
897,261,Backend Developer,1,4,25000000,2021-05-31,2021-06-03
898,261,QA Engineer,1,3,18000000,2021-05-31,2021-06-03
899,262,Project Manager,1,4,38000000,2021-07-05,2021-07-08
900,262,Security Engineer,3,5,35000000,2021-07-05,2021-07-08
901,262,Cloud Specialist,1,4,28000000,2021-07-05,2021-07-08
902,262,Backend Developer,1,4,25000000,2021-07-05,2021-07-08
903,262,QA Engineer,1,3,18000000,2021-07-05,2021-07-08
904,263,Project Manager,1,4,38000000,2021-08-10,2021-08-12
905,263,NLP Engineer,2,4,32000000,2021-08-10,2021-08-12
906,263,Frontend Developer,2,4,22000000,2021-08-10,2021-08-12
907,263,Backend Developer,1,4,25000000,2021-08-10,2021-08-12
908,263,QA Engineer,1,3,18000000,2021-08-10,2021-08-12
909,264,Project Manager,1,4,38000000,2021-09-15,2021-09-18
910,264,Blockchain Developer,3,4,32000000,2021-09-15,2021-09-18
911,264,Content Specialist,1,3,20000000,2021-09-15,2021-09-18
912,264,Frontend Developer,1,3,20000000,2021-09-15,2021-09-18
913,264,QA Engineer,1,3,18000000,2021-09-15,2021-09-18
914,265,Project Manager,1,4,38000000,2021-10-20,2021-10-23
915,265,IoT Engineer,3,4,30000000,2021-10-20,2021-10-23
916,265,Energy Specialist,1,4,28000000,2021-10-20,2021-10-23
917,265,Backend Developer,1,4,25000000,2021-10-20,2021-10-23
918,265,Data Analyst,1,4,28000000,2021-10-20,2021-10-23
919,266,Project Manager,1,4,38000000,2021-11-25,2021-11-28
920,266,Frontend Developer,3,4,22000000,2021-11-25,2021-11-28
921,266,Backend Developer,2,4,25000000,2021-11-25,2021-11-28
922,266,E-commerce Specialist,1,4,28000000,2021-11-25,2021-11-28
923,266,QA Engineer,1,3,18000000,2021-11-25,2021-11-28
924,267,Project Manager,1,5,42000000,2020-01-31,2020-02-03
925,267,Data Governance Specialist,2,5,35000000,2020-01-31,2020-02-03
926,267,Data Engineer,2,4,32000000,2020-01-31,2020-02-03
927,267,Backend Developer,1,4,25000000,2020-01-31,2020-02-03
928,267,Compliance Officer,1,5,35000000,2020-01-31,2020-02-03
929,268,Project Manager,1,4,38000000,2020-03-07,2020-03-10
930,268,Network Security Engineer,3,5,35000000,2020-03-07,2020-03-10
931,268,Cloud Engineer,1,4,28000000,2020-03-07,2020-03-10
932,268,Backend Developer,1,4,25000000,2020-03-07,2020-03-10
933,268,QA Engineer,1,3,18000000,2020-03-07,2020-03-10
934,269,Project Manager,1,4,38000000,2020-04-13,2020-04-16
935,269,Fraud Detection Specialist,2,5,35000000,2020-04-13,2020-04-16
936,269,Data Scientist,2,4,32000000,2020-04-13,2020-04-16
937,269,Backend Developer,1,4,25000000,2020-04-13,2020-04-16
938,269,QA Engineer,1,3,18000000,2020-04-13,2020-04-16
939,270,Project Manager,1,5,42000000,2020-05-18,2020-05-21
940,270,Blockchain Developer,3,5,40000000,2020-05-18,2020-05-21
941,270,Environmental Specialist,1,5,35000000,2020-05-18,2020-05-21
942,270,Frontend Developer,1,4,22000000,2020-05-18,2020-05-21
943,270,Legal Consultant,1,5,38000000,2020-05-18,2020-05-21
944,271,Project Manager,1,4,38000000,2020-06-23,2020-06-26
945,271,IoT Engineer,3,4,30000000,2020-06-23,2020-06-26
946,271,Hydrology Specialist,1,4,28000000,2020-06-23,2020-06-26
947,271,Backend Developer,1,4,25000000,2020-06-23,2020-06-26
948,271,QA Engineer,1,3,18000000,2020-06-23,2020-06-26
949,272,Project Manager,1,4,38000000,2020-07-29,2020-08-01
950,272,Frontend Developer,3,4,22000000,2020-07-29,2020-08-01
951,272,Backend Developer,2,4,25000000,2020-07-29,2020-08-01
952,272,Performance Engineer,1,4,28000000,2020-07-29,2020-08-01
953,272,QA Engineer,1,3,18000000,2020-07-29,2020-08-01
954,273,Project Manager,1,4,38000000,2020-09-03,2020-09-06
955,273,BI Specialist,2,4,30000000,2020-09-03,2020-09-06
956,273,Data Engineer,2,4,32000000,2020-09-03,2020-09-06
957,273,Backend Developer,1,4,25000000,2020-09-03,2020-09-06
958,273,QA Engineer,1,3,18000000,2020-09-03,2020-09-06
959,274,Project Manager,1,5,42000000,2020-10-08,2020-10-11
960,274,Security Researcher,2,6,45000000,2020-10-08,2020-10-11
961,274,Security Engineer,2,5,35000000,2020-10-08,2020-10-11
962,274,Backend Developer,1,4,25000000,2020-10-08,2020-10-11
963,274,QA Engineer,1,3,18000000,2020-10-08,2020-10-11
964,275,Project Manager,1,4,38000000,2020-11-13,2020-11-16
965,275,AI Code Specialist,2,4,32000000,2020-11-13,2020-11-16
966,275,Backend Developer,2,4,25000000,2020-11-13,2020-11-16
967,275,Frontend Developer,1,3,20000000,2020-11-13,2020-11-16
968,275,QA Engineer,1,3,18000000,2020-11-13,2020-11-16
969,276,Project Manager,1,5,42000000,2020-12-18,2020-12-21
970,276,Database Architect,1,6,48000000,2020-12-18,2020-12-21
971,276,Backend Developer,3,4,25000000,2020-12-18,2020-12-21
972,276,DevOps Engineer,1,4,28000000,2020-12-18,2020-12-21
973,276,Security Engineer,1,5,35000000,2020-12-18,2020-12-21
974,277,Project Manager,1,4,38000000,2021-01-23,2021-01-26
975,277,Network Engineer,3,4,30000000,2021-01-23,2021-01-26
976,277,Cloud Specialist,1,4,28000000,2021-01-23,2021-01-26
977,277,Backend Developer,1,4,25000000,2021-01-23,2021-01-26
978,277,QA Engineer,1,3,18000000,2021-01-23,2021-01-26
979,278,Project Manager,1,4,38000000,2021-02-28,2021-03-03
980,278,Blockchain Developer,3,4,32000000,2021-02-28,2021-03-03
981,278,IP Specialist,1,4,28000000,2021-02-28,2021-03-03
982,278,Frontend Developer,1,3,20000000,2021-02-28,2021-03-03
983,278,QA Engineer,1,3,18000000,2021-02-28,2021-03-03
984,279,Project Manager,1,5,42000000,2021-04-05,2021-04-08
985,279,Automotive AI Engineer,3,5,38000000,2021-04-05,2021-04-08
986,279,IoT Engineer,2,4,30000000,2021-04-05,2021-04-08
987,279,Safety Engineer,1,5,35000000,2021-04-05,2021-04-08
988,279,Backend Developer,1,4,25000000,2021-04-05,2021-04-08
989,280,Project Manager,1,4,38000000,2021-05-10,2021-05-13
990,280,GraphQL Specialist,3,4,30000000,2021-05-10,2021-05-13
991,280,Backend Developer,2,4,25000000,2021-05-10,2021-05-13
992,280,DevOps Engineer,1,4,28000000,2021-05-10,2021-05-13
993,280,QA Engineer,1,3,18000000,2021-05-10,2021-05-13
994,281,Project Manager,1,4,38000000,2021-06-15,2021-06-18
995,281,Data Privacy Specialist,2,5,35000000,2021-06-15,2021-06-18
996,281,Data Engineer,2,4,32000000,2021-06-15,2021-06-18
997,281,Backend Developer,1,4,25000000,2021-06-15,2021-06-18
998,281,QA Engineer,1,3,18000000,2021-06-15,2021-06-18
999,282,Project Manager,1,4,38000000,2021-07-20,2021-07-23
1000,282,Security Automation Engineer,3,5,35000000,2021-07-20,2021-07-23
1001,282,Cloud Engineer,1,4,28000000,2021-07-20,2021-07-23
1002,282,Backend Developer,1,4,25000000,2021-07-20,2021-07-23
1003,282,QA Engineer,1,3,18000000,2021-07-20,2021-07-23
1004,283,Project Manager,1,4,38000000,2021-08-25,2021-08-28
1005,283,Computer Vision Engineer,2,4,32000000,2021-08-25,2021-08-28
1006,283,Frontend Developer,2,4,22000000,2021-08-25,2021-08-28
1007,283,Backend Developer,1,4,25000000,2021-08-25,2021-08-28
1008,283,QA Engineer,1,3,18000000,2021-08-25,2021-08-28
1009,284,Project Manager,1,5,42000000,2021-09-30,2021-10-03
1010,284,Blockchain Developer,3,5,40000000,2021-09-30,2021-10-03
1011,284,Healthcare Specialist,1,5,35000000,2021-09-30,2021-10-03
1012,284,Frontend Developer,1,4,22000000,2021-09-30,2021-10-03
1013,284,Legal Consultant,1,5,38000000,2021-09-30,2021-10-03
1014,285,Project Manager,1,4,38000000,2021-11-05,2021-11-08
1015,285,IoT Engineer,3,4,30000000,2021-11-05,2021-11-08
1016,285,Environmental Analyst,1,4,28000000,2021-11-05,2021-11-08
1017,285,Backend Developer,1,4,25000000,2021-11-05,2021-11-08
1018,285,Data Scientist,1,4,32000000,2021-11-05,2021-11-08
1019,286,Project Manager,1,4,38000000,2021-12-10,2021-12-13
1020,286,WebAssembly Developer,3,4,30000000,2021-12-10,2021-12-13
1021,286,Frontend Developer,2,4,22000000,2021-12-10,2021-12-13
1022,286,Backend Developer,1,4,25000000,2021-12-10,2021-12-13
1023,286,QA Engineer,1,3,18000000,2021-12-10,2021-12-13
1024,287,Project Manager,1,5,42000000,2020-02-10,2020-02-13
1025,287,Ethics Specialist,2,5,35000000,2020-02-10,2020-02-13
1026,287,Data Governance Officer,1,5,38000000,2020-02-10,2020-02-13
1027,287,Backend Developer,1,4,25000000,2020-02-10,2020-02-13
1028,287,Legal Consultant,1,5,35000000,2020-02-10,2020-02-13
1029,288,Project Manager,1,4,38000000,2020-03-17,2020-03-20
1030,288,FinOps Analyst,2,4,30000000,2020-03-17,2020-03-20
1031,288,Backend Developer,2,4,25000000,2020-03-17,2020-03-20
1032,288,Data Analyst,1,4,28000000,2020-03-17,2020-03-20
1033,288,QA Engineer,1,3,18000000,2020-03-17,2020-03-20
1034,289,Project Manager,1,4,38000000,2020-04-22,2020-04-25
1035,289,Social Media Analyst,2,4,28000000,2020-04-22,2020-04-25
1036,289,Data Scientist,2,4,32000000,2020-04-22,2020-04-25
1037,289,Backend Developer,1,4,25000000,2020-04-22,2020-04-25
1038,289,Frontend Developer,1,3,20000000,2020-04-22,2020-04-25
1039,290,Project Manager,1,5,42000000,2020-05-28,2020-05-31
1040,290,Blockchain Developer,3,5,40000000,2020-05-28,2020-05-31
1041,290,Real Estate Specialist,1,5,35000000,2020-05-28,2020-05-31
1042,290,Frontend Developer,1,4,22000000,2020-05-28,2020-05-31
1043,290,Legal Consultant,1,5,38000000,2020-05-28,2020-05-31
1044,291,Project Manager,1,4,38000000,2020-07-02,2020-07-05
1045,291,IoT Engineer,3,4,30000000,2020-07-02,2020-07-05
1046,291,Logistics Specialist,1,4,28000000,2020-07-02,2020-07-05
1047,291,Backend Developer,1,4,25000000,2020-07-02,2020-07-05
1048,291,QA Engineer,1,3,18000000,2020-07-02,2020-07-05
1049,292,Project Manager,1,4,38000000,2020-08-07,2020-08-10
1050,292,Frontend Developer,3,4,22000000,2020-08-07,2020-08-10
1051,292,Backend Developer,2,4,25000000,2020-08-07,2020-08-10
1052,292,Performance Engineer,1,4,28000000,2020-08-07,2020-08-10
1053,292,QA Engineer,1,3,18000000,2020-08-07,2020-08-10
1054,293,Project Manager,1,4,38000000,2020-09-12,2020-09-15
1055,293,Data Analyst,2,4,28000000,2020-09-12,2020-09-15
1056,293,Backend Developer,2,4,25000000,2020-09-12,2020-09-15
1057,293,BI Specialist,1,4,30000000,2020-09-12,2020-09-15
1058,293,QA Engineer,1,3,18000000,2020-09-12,2020-09-15
1059,294,Project Manager,1,5,42000000,2020-10-17,2020-10-20
1060,294,Security Assessor,3,5,35000000,2020-10-17,2020-10-20
1061,294,Cloud Engineer,1,4,28000000,2020-10-17,2020-10-20
1062,294,Backend Developer,1,4,25000000,2020-10-17,2020-10-20
1063,294,QA Engineer,1,3,18000000,2020-10-17,2020-10-20
1064,295,Project Manager,1,4,38000000,2020-11-22,2020-11-25
1065,295,NLP Engineer,2,4,32000000,2020-11-22,2020-11-25
1066,295,Frontend Developer,2,4,22000000,2020-11-22,2020-11-25
1067,295,Backend Developer,1,4,25000000,2020-11-22,2020-11-25
1068,295,QA Engineer,1,3,18000000,2020-11-22,2020-11-25
1069,296,Project Manager,1,5,42000000,2020-11-27,2020-11-30
1070,296,Event-Driven Architect,1,6,48000000,2020-11-27,2020-11-30
1071,296,Backend Developer,3,4,25000000,2020-11-27,2020-11-30
1072,296,DevOps Engineer,1,4,28000000,2020-11-27,2020-11-30
1073,296,Security Engineer,1,5,35000000,2020-11-27,2020-11-30
1074,297,Project Manager,1,4,38000000,2021-01-02,2021-01-05
1075,297,Network Engineer,3,4,30000000,2021-01-02,2021-01-05
1076,297,Cloud Specialist,1,4,28000000,2021-01-02,2021-01-05
1077,297,Backend Developer,1,4,25000000,2021-01-02,2021-01-05
1078,297,QA Engineer,1,3,18000000,2021-01-02,2021-01-05
1079,298,Project Manager,1,4,38000000,2021-02-07,2021-02-10
1080,298,Blockchain Developer,3,4,32000000,2021-02-07,2021-02-10
1081,298,Identity Specialist,1,4,28000000,2021-02-07,2021-02-10
1082,298,Frontend Developer,1,3,20000000,2021-02-07,2021-02-10
1083,298,QA Engineer,1,3,18000000,2021-02-07,2021-02-10
1084,299,Project Manager,1,5,42000000,2021-03-14,2021-03-17
1085,299,Edge Computing Engineer,3,5,38000000,2021-03-14,2021-03-17
1086,299,IoT Specialist,2,4,30000000,2021-03-14,2021-03-17
1087,299,Backend Developer,1,4,25000000,2021-03-14,2021-03-17
1088,299,Security Engineer,1,5,35000000,2021-03-14,2021-03-17
1089,300,Project Manager,1,4,38000000,2021-04-19,2021-04-22
1090,300,Serverless Developer,3,4,30000000,2021-04-19,2021-04-22
1091,300,Backend Developer,2,4,25000000,2021-04-19,2021-04-22
1092,300,DevOps Engineer,1,4,28000000,2021-04-19,2021-04-22
1093,300,QA Engineer,1,3,18000000,2021-04-19,2021-04-22
1094,301,Project Manager,1,5,45000000,2022-01-05,2022-01-07
1095,301,Cloud Architect,1,7,55000000,2022-01-05,2022-01-07
1096,301,DevOps Engineer,3,4,25000000,2022-01-05,2022-01-07
1097,301,Backend Developer,2,4,22000000,2022-01-05,2022-01-07
1098,301,Database Administrator,2,4,23000000,2022-01-05,2022-01-07
1099,301,Security Engineer,1,5,35000000,2022-01-05,2022-01-07
1100,301,QA Engineer,2,3,15000000,2022-01-05,2022-01-07
1101,302,Project Manager,1,4,35000000,2022-01-25,2022-01-28
1102,302,Data Analyst,2,3,18000000,2022-01-25,2022-01-28
1103,302,Backend Developer,1,3,16000000,2022-01-25,2022-01-28
1104,302,Frontend Developer,1,3,15000000,2022-01-25,2022-01-28
1105,302,QA Engineer,1,2,12000000,2022-01-25,2022-01-28
1106,303,Project Manager,1,5,42000000,2022-03-10,2022-03-12
1107,303,Backend Developer,3,4,24000000,2022-03-10,2022-03-12
1108,303,Security Specialist,1,5,38000000,2022-03-10,2022-03-12
1109,303,Database Administrator,1,4,22000000,2022-03-10,2022-03-12
1110,303,QA Engineer,2,3,16000000,2022-03-10,2022-03-12
1111,304,Project Manager,1,4,32000000,2022-03-25,2022-03-28
1112,304,Frontend Developer,2,3,16000000,2022-03-25,2022-03-28
1113,304,Backend Developer,1,3,17000000,2022-03-25,2022-03-28
1114,304,UI/UX Designer,1,3,14000000,2022-03-25,2022-03-28
1115,304,QA Engineer,1,2,11000000,2022-03-25,2022-03-28
1116,305,Project Manager,1,5,44000000,2022-05-05,2022-05-08
1117,305,Security Engineer,2,5,36000000,2022-05-05,2022-05-08
1118,305,Network Engineer,2,4,26000000,2022-05-05,2022-05-08
1119,305,DevOps Engineer,1,4,24000000,2022-05-05,2022-05-08
1120,305,QA Engineer,1,3,15000000,2022-05-05,2022-05-08
1121,306,Project Manager,1,4,33000000,2022-05-25,2022-05-28
1122,306,Mobile Developer,2,3,19000000,2022-05-25,2022-05-28
1123,306,Frontend Developer,1,3,15000000,2022-05-25,2022-05-28
1124,306,QA Engineer,1,2,12000000,2022-05-25,2022-05-28
1125,307,Project Manager,1,5,46000000,2022-07-10,2022-07-12
1126,307,Data Engineer,3,4,28000000,2022-07-10,2022-07-12
1127,307,Data Architect,1,6,48000000,2022-07-10,2022-07-12
1128,307,DevOps Engineer,2,4,25000000,2022-07-10,2022-07-12
1129,307,QA Engineer,2,3,16000000,2022-07-10,2022-07-12
1130,308,Project Manager,1,4,34000000,2022-07-25,2022-07-28
1131,308,VR Developer,2,4,27000000,2022-07-25,2022-07-28
1132,308,3D Artist,1,3,20000000,2022-07-25,2022-07-28
1133,308,Backend Developer,1,3,17000000,2022-07-25,2022-07-28
1134,308,QA Engineer,1,2,13000000,2022-07-25,2022-07-28
1135,309,Project Manager,1,4,32000000,2022-09-05,2022-09-08
1136,309,Compliance Officer,1,4,30000000,2022-09-05,2022-09-08
1137,309,Backend Developer,1,3,16000000,2022-09-05,2022-09-08
1138,309,QA Engineer,1,2,11000000,2022-09-05,2022-09-08
1139,310,Project Manager,1,5,45000000,2022-09-25,2022-09-28
1140,310,Cloud Architect,2,6,52000000,2022-09-25,2022-09-28
1141,310,DevOps Engineer,3,4,26000000,2022-09-25,2022-09-28
1142,310,Security Engineer,1,5,37000000,2022-09-25,2022-09-28
1143,310,QA Engineer,2,3,17000000,2022-09-25,2022-09-28
1144,311,Project Manager,1,5,43000000,2022-11-10,2022-11-12
1145,311,Backend Developer,4,4,23000000,2022-11-10,2022-11-12
1146,311,DevOps Engineer,2,4,25000000,2022-11-10,2022-11-12
1147,311,Database Administrator,1,4,22000000,2022-11-10,2022-11-12
1148,311,QA Engineer,2,3,16000000,2022-11-10,2022-11-12
1149,312,Project Manager,1,5,44000000,2022-11-25,2022-11-28
1150,312,Microservices Architect,1,7,56000000,2022-11-25,2022-11-28
1151,312,Backend Developer,3,4,24000000,2022-11-25,2022-11-28
1152,312,DevOps Engineer,2,4,26000000,2022-11-25,2022-11-28
1153,312,QA Engineer,2,3,17000000,2022-11-25,2022-11-28
1154,313,Project Manager,1,4,35000000,2023-01-05,2023-01-07
1155,313,IoT Engineer,2,4,28000000,2023-01-05,2023-01-07
1156,313,Backend Developer,1,3,18000000,2023-01-05,2023-01-07
1157,313,Mobile Developer,1,3,19000000,2023-01-05,2023-01-07
1158,313,QA Engineer,1,2,13000000,2023-01-05,2023-01-07
1159,314,Project Manager,1,4,32000000,2023-01-25,2023-01-28
1160,314,AI Engineer,1,4,30000000,2023-01-25,2023-01-28
1161,314,Backend Developer,1,3,16000000,2023-01-25,2023-01-28
1162,314,Frontend Developer,1,2,14000000,2023-01-25,2023-01-28
1163,315,Project Manager,1,5,48000000,2023-03-10,2023-03-12
1164,315,Network Architect,1,7,58000000,2023-03-10,2023-03-12
1165,315,Network Engineer,3,4,29000000,2023-03-10,2023-03-12
1166,315,5G Specialist,2,5,42000000,2023-03-10,2023-03-12
1167,315,QA Engineer,2,3,18000000,2023-03-10,2023-03-12
1168,316,Project Manager,1,4,36000000,2023-03-25,2023-03-28
1169,316,Data Analyst,2,3,20000000,2023-03-25,2023-03-28
1170,316,Backend Developer,1,3,17000000,2023-03-25,2023-03-28
1171,316,BI Developer,1,4,25000000,2023-03-25,2023-03-28
1172,316,QA Engineer,1,2,14000000,2023-03-25,2023-03-28
1173,317,Project Manager,1,5,50000000,2023-05-05,2023-05-08
1174,317,ML Engineer,3,5,45000000,2023-05-05,2023-05-08
1175,317,Data Scientist,2,4,35000000,2023-05-05,2023-05-08
1176,317,DevOps Engineer,2,4,27000000,2023-05-05,2023-05-08
1177,317,QA Engineer,2,3,19000000,2023-05-05,2023-05-08
1178,318,Project Manager,1,4,37000000,2023-05-25,2023-05-28
1179,318,Fullstack Developer,3,3,20000000,2023-05-25,2023-05-28
1180,318,UI/UX Designer,1,3,16000000,2023-05-25,2023-05-28
1181,318,QA Engineer,1,2,15000000,2023-05-25,2023-05-28
1182,319,Project Manager,1,4,33000000,2023-07-10,2023-07-12
1183,319,Backend Developer,2,3,17000000,2023-07-10,2023-07-12
1184,319,Frontend Developer,1,3,15000000,2023-07-10,2023-07-12
1185,319,QA Engineer,1,2,12000000,2023-07-10,2023-07-12
1186,320,Project Manager,1,5,46000000,2023-07-25,2023-07-28
1187,320,Data Scientist,2,4,34000000,2023-07-25,2023-07-28
1188,320,ML Engineer,1,4,32000000,2023-07-25,2023-07-28
1189,320,Backend Developer,1,3,18000000,2023-07-25,2023-07-28
1190,320,QA Engineer,1,3,16000000,2023-07-25,2023-07-28
1191,321,Project Manager,1,4,34000000,2022-01-15,2022-01-18
1192,321,Compliance Specialist,1,5,38000000,2022-01-15,2022-01-18
1193,321,Backend Developer,2,3,17000000,2022-01-15,2022-01-18
1194,321,Security Engineer,1,4,28000000,2022-01-15,2022-01-18
1195,321,QA Engineer,1,2,13000000,2022-01-15,2022-01-18
1196,322,Project Manager,1,5,44000000,2022-02-10,2022-02-12
1197,322,DevOps Engineer,3,4,26000000,2022-02-10,2022-02-12
1198,322,Backend Developer,2,4,23000000,2022-02-10,2022-02-12
1199,322,Container Specialist,1,5,35000000,2022-02-10,2022-02-12
1200,322,QA Engineer,2,3,16000000,2022-02-10,2022-02-12
1201,323,Project Manager,1,4,35000000,2022-03-15,2022-03-18
1202,323,AR Developer,2,4,29000000,2022-03-15,2022-03-18
1203,323,3D Designer,1,3,21000000,2022-03-15,2022-03-18
1204,323,Backend Developer,1,3,18000000,2022-03-15,2022-03-18
1205,323,QA Engineer,1,2,14000000,2022-03-15,2022-03-18
1206,324,Project Manager,1,5,46000000,2022-04-10,2022-04-12
1207,324,Sustainability Engineer,1,4,30000000,2022-04-10,2022-04-12
1208,324,Data Analyst,2,3,19000000,2022-04-10,2022-04-12
1209,324,Backend Developer,1,3,17000000,2022-04-10,2022-04-12
1210,324,QA Engineer,1,2,15000000,2022-04-10,2022-04-12
1211,325,Project Manager,1,4,33000000,2022-05-15,2022-05-18
1212,325,Fullstack Developer,3,3,19000000,2022-05-15,2022-05-18
1213,325,UI/UX Designer,1,3,15000000,2022-05-15,2022-05-18
1214,325,QA Engineer,1,2,12000000,2022-05-15,2022-05-18
1215,326,Project Manager,1,5,47000000,2022-06-10,2022-06-12
1216,326,Data Scientist,2,4,33000000,2022-06-10,2022-06-12
1217,326,ML Engineer,1,4,31000000,2022-06-10,2022-06-12
1218,326,Backend Developer,1,3,18000000,2022-06-10,2022-06-12
1219,326,QA Engineer,1,3,16000000,2022-06-10,2022-06-12
1220,327,Project Manager,1,4,32000000,2022-07-15,2022-07-18
1221,327,Frontend Developer,2,3,16000000,2022-07-15,2022-07-18
1222,327,Backend Developer,1,3,17000000,2022-07-15,2022-07-18
1223,327,QA Engineer,1,2,11000000,2022-07-15,2022-07-18
1224,328,Project Manager,1,4,34000000,2022-08-10,2022-08-12
1225,328,Network Engineer,2,4,27000000,2022-08-10,2022-08-12
1226,328,System Administrator,1,3,20000000,2022-08-10,2022-08-12
1227,328,QA Engineer,1,2,13000000,2022-08-10,2022-08-12
1228,329,Project Manager,1,5,42000000,2022-09-05,2022-09-08
1229,329,Automation Engineer,2,4,28000000,2022-09-05,2022-09-08
1230,329,Backend Developer,1,3,17000000,2022-09-05,2022-09-08
1231,329,QA Engineer,1,3,15000000,2022-09-05,2022-09-08
1232,330,Project Manager,1,4,35000000,2022-09-30,2022-10-02
1233,330,Data Engineer,2,4,29000000,2022-09-30,2022-10-02
1234,330,Data Analyst,1,3,20000000,2022-09-30,2022-10-02
1235,330,QA Engineer,1,2,14000000,2022-09-30,2022-10-02
1236,331,Project Manager,1,5,48000000,2022-11-15,2022-11-18
1237,331,IoT Engineer,3,4,30000000,2022-11-15,2022-11-18
1238,331,Automation Specialist,2,4,28000000,2022-11-15,2022-11-18
1239,331,QA Engineer,2,3,17000000,2022-11-15,2022-11-18
1240,332,Project Manager,1,4,36000000,2022-12-05,2022-12-08
1241,332,Security Engineer,1,5,37000000,2022-12-05,2022-12-08
1242,332,Backend Developer,1,3,18000000,2022-12-05,2022-12-08
1243,332,QA Engineer,1,2,13000000,2022-12-05,2022-12-08
1244,333,Project Manager,1,5,46000000,2023-01-20,2023-01-22
1245,333,Fullstack Developer,4,4,24000000,2023-01-20,2023-01-22
1246,333,UI/UX Designer,1,3,16000000,2023-01-20,2023-01-22
1247,333,QA Engineer,2,3,17000000,2023-01-20,2023-01-22
1248,334,Project Manager,1,5,49000000,2023-02-10,2023-02-12
1249,334,Infrastructure Architect,1,7,60000000,2023-02-10,2023-02-12
1250,334,DevOps Engineer,3,4,27000000,2023-02-10,2023-02-12
1251,334,QA Engineer,2,3,18000000,2023-02-10,2023-02-12
1252,335,Project Manager,1,4,33000000,2023-03-15,2023-03-18
1253,335,Frontend Developer,2,3,15000000,2023-03-15,2023-03-18
1254,335,Backend Developer,1,2,14000000,2023-03-15,2023-03-18
1255,335,QA Engineer,1,2,11000000,2023-03-15,2023-03-18
1256,336,Project Manager,1,4,37000000,2023-04-05,2023-04-08
1257,336,API Developer,2,4,26000000,2023-04-05,2023-04-08
1258,336,Backend Developer,1,3,18000000,2023-04-05,2023-04-08
1259,336,QA Engineer,1,3,15000000,2023-04-05,2023-04-08
1260,337,Project Manager,1,5,50000000,2023-04-30,2023-05-02
1261,337,Data Scientist,3,5,46000000,2023-04-30,2023-05-02
1262,337,ML Engineer,2,4,34000000,2023-04-30,2023-05-02
1263,337,QA Engineer,2,3,19000000,2023-04-30,2023-05-02
1264,338,Project Manager,1,4,35000000,2023-06-10,2023-06-12
1265,338,IoT Engineer,2,4,29000000,2023-06-10,2023-06-12
1266,338,Data Analyst,1,3,20000000,2023-06-10,2023-06-12
1267,338,QA Engineer,1,2,14000000,2023-06-10,2023-06-12
1268,339,Project Manager,1,5,47000000,2023-07-15,2023-07-18
1269,339,Mobile Developer,3,4,30000000,2023-07-15,2023-07-18
1270,339,Security Engineer,1,5,39000000,2023-07-15,2023-07-18
1271,339,QA Engineer,2,3,17000000,2023-07-15,2023-07-18
1272,340,Project Manager,1,4,34000000,2023-08-05,2023-08-08
1273,340,Data Analyst,2,3,19000000,2023-08-05,2023-08-08
1274,340,Backend Developer,1,3,17000000,2023-08-05,2023-08-08
1275,340,QA Engineer,1,2,13000000,2023-08-05,2023-08-08
1276,341,Project Manager,1,4,33000000,2022-02-23,2022-02-25
1277,341,Security Trainer,2,4,28000000,2022-02-23,2022-02-25
1278,341,Content Developer,1,3,18000000,2022-02-23,2022-02-25
1279,341,QA Engineer,1,2,12000000,2022-02-23,2022-02-25
1280,342,Project Manager,1,5,45000000,2022-03-20,2022-03-22
1281,342,Low-code Developer,3,3,22000000,2022-03-20,2022-03-22
1282,342,Frontend Developer,1,3,16000000,2022-03-20,2022-03-22
1283,342,QA Engineer,2,2,14000000,2022-03-20,2022-03-22
1284,343,Project Manager,1,4,34000000,2022-04-25,2022-04-28
1285,343,Fullstack Developer,3,3,19000000,2022-04-25,2022-04-28
1286,343,UI/UX Designer,1,3,15000000,2022-04-25,2022-04-28
1287,343,QA Engineer,1,2,13000000,2022-04-25,2022-04-28
1288,344,Project Manager,1,5,48000000,2022-05-20,2022-05-22
1289,344,IoT Engineer,3,4,31000000,2022-05-20,2022-05-22
1290,344,Automation Specialist,2,4,29000000,2022-05-20,2022-05-22
1291,344,QA Engineer,2,3,18000000,2022-05-20,2022-05-22
1292,345,Project Manager,1,4,37000000,2022-06-25,2022-06-28
1293,345,Computer Vision Engineer,2,5,42000000,2022-06-25,2022-06-28
1294,345,Backend Developer,1,3,19000000,2022-06-25,2022-06-28
1295,345,QA Engineer,1,3,16000000,2022-06-25,2022-06-28
1296,346,Project Manager,1,5,52000000,2022-07-20,2022-07-22
1297,346,Blockchain Developer,3,5,48000000,2022-07-20,2022-07-22
1298,346,Security Engineer,1,5,40000000,2022-07-20,2022-07-22
1299,346,QA Engineer,2,3,20000000,2022-07-20,2022-07-22
1300,347,Project Manager,1,4,32000000,2022-08-15,2022-08-18
1301,347,Automation Tester,2,3,17000000,2022-08-15,2022-08-18
1302,347,Test Architect,1,5,35000000,2022-08-15,2022-08-18
1303,348,Project Manager,1,5,46000000,2022-09-10,2022-09-12
1304,348,Data Engineer,3,4,30000000,2022-09-10,2022-09-12
1305,348,Data Architect,1,6,50000000,2022-09-10,2022-09-12
1306,348,QA Engineer,2,3,18000000,2022-09-10,2022-09-12
1307,349,Project Manager,1,5,55000000,2022-10-25,2022-10-28
1308,349,Simulation Engineer,3,5,45000000,2022-10-25,2022-10-28
1309,349,3D Modeler,2,4,32000000,2022-10-25,2022-10-28
1310,349,QA Engineer,2,3,21000000,2022-10-25,2022-10-28
1311,350,Project Manager,1,4,35000000,2022-11-20,2022-11-22
1312,350,VR Developer,2,4,28000000,2022-11-20,2022-11-22
1313,350,Instructional Designer,1,3,20000000,2022-11-20,2022-11-22
1314,350,QA Engineer,1,2,15000000,2022-11-20,2022-11-22
1315,351,Project Manager,1,5,47000000,2022-12-15,2022-12-18
1316,351,Edge Computing Engineer,3,4,31000000,2022-12-15,2022-12-18
1317,351,DevOps Engineer,2,4,27000000,2022-12-15,2022-12-18
1318,351,QA Engineer,2,3,18000000,2022-12-15,2022-12-18
1319,352,Project Manager,1,4,36000000,2023-01-25,2023-01-28
1320,352,Data Analyst,2,3,20000000,2023-01-25,2023-01-28
1321,352,Backend Developer,1,3,17000000,2023-01-25,2023-01-28
1322,352,QA Engineer,1,2,14000000,2023-01-25,2023-01-28
1323,353,Project Manager,1,4,33000000,2023-02-20,2023-02-22
1324,353,UX Researcher,1,3,18000000,2023-02-20,2023-02-22
1325,353,Frontend Developer,1,3,16000000,2023-02-20,2023-02-22
1326,353,QA Engineer,1,2,12000000,2023-02-20,2023-02-22
1327,354,Project Manager,1,5,58000000,2023-03-25,2023-03-28
1328,354,Quantum Researcher,2,6,65000000,2023-03-25,2023-03-28
1329,354,Cryptography Expert,1,7,70000000,2023-03-25,2023-03-28
1330,354,QA Engineer,2,3,22000000,2023-03-25,2023-03-28
1331,355,Project Manager,1,4,35000000,2023-04-20,2023-04-22
1332,355,Environmental Engineer,1,4,30000000,2023-04-20,2023-04-22
1333,355,IoT Specialist,2,3,21000000,2023-04-20,2023-04-22
1334,355,QA Engineer,1,2,14000000,2023-04-20,2023-04-22
1335,356,Project Manager,1,4,37000000,2023-05-15,2023-05-18
1336,356,AI Engineer,2,4,32000000,2023-05-15,2023-05-18
1337,356,Backend Developer,1,3,18000000,2023-05-15,2023-05-18
1338,356,QA Engineer,1,3,16000000,2023-05-15,2023-05-18
1339,357,Project Manager,1,5,49000000,2023-06-20,2023-06-22
1340,357,Energy Engineer,2,4,33000000,2023-06-20,2023-06-22
1341,357,IoT Engineer,3,4,30000000,2023-06-20,2023-06-22
1342,357,QA Engineer,2,3,19000000,2023-06-20,2023-06-22
1343,358,Project Manager,1,4,36000000,2023-07-25,2023-07-28
1344,358,Fullstack Developer,3,3,20000000,2023-07-25,2023-07-28
1345,358,Marketing Specialist,1,3,17000000,2023-07-25,2023-07-28
1346,358,QA Engineer,1,2,15000000,2023-07-25,2023-07-28
1347,359,Project Manager,1,4,34000000,2023-08-20,2023-08-22
1348,359,AR Developer,2,4,29000000,2023-08-20,2023-08-22
1349,359,Technical Writer,1,3,16000000,2023-08-20,2023-08-22
1350,359,QA Engineer,1,2,13000000,2023-08-20,2023-08-22
1351,360,Project Manager,1,5,53000000,2023-09-15,2023-09-18
1352,360,Blockchain Developer,3,5,49000000,2023-09-15,2023-09-18
1353,360,Smart Contract Auditor,1,6,55000000,2023-09-15,2023-09-18
1354,360,QA Engineer,2,3,21000000,2023-09-15,2023-09-18
1355,361,Project Manager,1,4,35000000,2022-03-05,2022-03-08
1356,361,AI Ethics Specialist,1,5,40000000,2022-03-05,2022-03-08
1357,361,Data Scientist,2,4,32000000,2022-03-05,2022-03-08
1358,361,QA Engineer,1,3,16000000,2022-03-05,2022-03-08
1359,362,Project Manager,1,4,34000000,2022-03-31,2022-04-02
1360,362,Security Engineer,2,4,28000000,2022-03-31,2022-04-02
1361,362,Backend Developer,1,3,17000000,2022-03-31,2022-04-02
1362,362,QA Engineer,1,2,13000000,2022-03-31,2022-04-02
1363,363,Project Manager,1,4,32000000,2022-05-10,2022-05-12
1364,363,Automation Developer,2,3,18000000,2022-05-10,2022-05-12
1365,363,QA Engineer,1,2,11000000,2022-05-10,2022-05-12
1366,364,Project Manager,1,4,35000000,2022-06-15,2022-06-18
1367,364,Cloud Economist,1,4,30000000,2022-06-15,2022-06-18
1368,364,Data Analyst,1,3,19000000,2022-06-15,2022-06-18
1369,364,QA Engineer,1,2,14000000,2022-06-15,2022-06-18
1370,365,Project Manager,1,5,45000000,2022-07-20,2022-07-22
1371,365,Data Scientist,2,4,33000000,2022-07-20,2022-07-22
1372,365,Backend Developer,1,3,18000000,2022-07-20,2022-07-22
1373,365,QA Engineer,1,3,16000000,2022-07-20,2022-07-22
1374,366,Project Manager,1,5,52000000,2022-08-25,2022-08-28
1375,366,Simulation Engineer,3,5,46000000,2022-08-25,2022-08-28
1376,366,3D Artist,2,4,32000000,2022-08-25,2022-08-28
1377,366,QA Engineer,2,3,20000000,2022-08-25,2022-08-28
1378,367,Project Manager,1,4,34000000,2022-09-20,2022-09-22
1379,367,Mobile Developer,2,3,20000000,2022-09-20,2022-09-22
1380,367,Backend Developer,1,3,17000000,2022-09-20,2022-09-22
1381,367,QA Engineer,1,2,13000000,2022-09-20,2022-09-22
1382,368,Project Manager,1,4,36000000,2022-10-25,2022-10-28
1383,368,AI Engineer,2,4,31000000,2022-10-25,2022-10-28
1384,368,Content Moderator,1,3,15000000,2022-10-25,2022-10-28
1385,368,QA Engineer,1,2,14000000,2022-10-25,2022-10-28
1386,369,Project Manager,1,5,54000000,2022-11-20,2022-11-22
1387,369,Blockchain Developer,3,5,50000000,2022-11-20,2022-11-22
1388,369,Environmental Analyst,1,4,28000000,2022-11-20,2022-11-22
1389,369,QA Engineer,2,3,21000000,2022-11-20,2022-11-22
1390,370,Project Manager,1,4,37000000,2022-12-15,2022-12-18
1391,370,Health Tech Specialist,2,4,32000000,2022-12-15,2022-12-18
1392,370,IoT Engineer,1,3,22000000,2022-12-15,2022-12-18
1393,370,QA Engineer,1,2,15000000,2022-12-15,2022-12-18
1394,371,Project Manager,1,4,35000000,2023-01-20,2023-01-22
1395,371,Blockchain Auditor,2,5,42000000,2023-01-20,2023-01-22
1396,371,QA Engineer,1,2,14000000,2023-01-20,2023-01-22
1397,372,Project Manager,1,5,48000000,2023-02-15,2023-02-18
1398,372,Edge Computing Engineer,3,4,33000000,2023-02-15,2023-02-18
1399,372,IoT Specialist,2,4,30000000,2023-02-15,2023-02-18
1400,372,QA Engineer,2,3,19000000,2023-02-15,2023-02-18
1401,373,Project Manager,1,5,52000000,2023-03-20,2023-03-22
1402,373,Trading Platform Developer,3,5,48000000,2023-03-20,2023-03-22
1403,373,Security Engineer,1,5,41000000,2023-03-20,2023-03-22
1404,373,QA Engineer,2,3,22000000,2023-03-20,2023-03-22
1405,374,Project Manager,1,4,36000000,2023-04-15,2023-04-18
1406,374,Market Research Analyst,2,3,21000000,2023-04-15,2023-04-18
1407,374,Data Scientist,1,4,32000000,2023-04-15,2023-04-18
1408,374,QA Engineer,1,2,15000000,2023-04-15,2023-04-18
1409,375,Project Manager,1,4,33000000,2023-05-20,2023-05-22
1410,375,Data Analyst,2,3,18000000,2023-05-20,2023-05-22
1411,375,QA Engineer,1,2,12000000,2023-05-20,2023-05-22
1412,376,Project Manager,1,5,60000000,2023-06-15,2023-06-18
1413,376,Quantum Researcher,3,6,68000000,2023-06-15,2023-06-18
1414,376,ML Engineer,2,5,52000000,2023-06-15,2023-06-18
1415,376,QA Engineer,2,3,24000000,2023-06-15,2023-06-18
1416,377,Project Manager,1,4,35000000,2023-07-20,2023-07-22
1417,377,UX Designer,2,3,19000000,2023-07-20,2023-07-22
1418,377,Frontend Developer,1,3,16000000,2023-07-20,2023-07-22
1419,377,QA Engineer,1,2,13000000,2023-07-20,2023-07-22
1420,378,Project Manager,1,4,34000000,2023-08-15,2023-08-18
1421,378,Blockchain Developer,2,4,30000000,2023-08-15,2023-08-18
1422,378,Backend Developer,1,3,17000000,2023-08-15,2023-08-18
1423,378,QA Engineer,1,2,14000000,2023-08-15,2023-08-18
1424,379,Project Manager,1,4,33000000,2023-09-10,2023-09-12
1425,379,AI Engineer,2,4,29000000,2023-09-10,2023-09-12
1426,379,QA Engineer,1,2,12000000,2023-09-10,2023-09-12
1427,380,Project Manager,1,5,47000000,2023-10-05,2023-10-08
1428,380,Energy Analyst,2,4,32000000,2023-10-05,2023-10-08
1429,380,IoT Engineer,3,4,30000000,2023-10-05,2023-10-08
1430,380,QA Engineer,2,3,18000000,2023-10-05,2023-10-08
1431,381,Project Manager,1,5,46000000,2022-04-10,2022-04-12
1432,381,Security Architect,1,7,58000000,2022-04-10,2022-04-12
1433,381,Cloud Security Engineer,3,4,31000000,2022-04-10,2022-04-12
1434,381,QA Engineer,2,3,19000000,2022-04-10,2022-04-12
1435,382,Project Manager,1,4,34000000,2022-05-15,2022-05-18
1436,382,Fullstack Developer,3,3,19000000,2022-05-15,2022-05-18
1437,382,UI/UX Designer,1,3,15000000,2022-05-15,2022-05-18
1438,382,QA Engineer,1,2,13000000,2022-05-15,2022-05-18
1439,383,Project Manager,1,5,48000000,2022-06-20,2022-06-22
1440,383,Supply Chain Analyst,2,4,33000000,2022-06-20,2022-06-22
1441,383,Data Scientist,1,4,31000000,2022-06-20,2022-06-22
1442,383,QA Engineer,1,3,17000000,2022-06-20,2022-06-22
1443,384,Project Manager,1,5,55000000,2022-07-25,2022-07-28
1444,384,Blockchain Developer,3,5,51000000,2022-07-25,2022-07-28
1445,384,Payment Specialist,1,4,35000000,2022-07-25,2022-07-28
1446,384,QA Engineer,2,3,23000000,2022-07-25,2022-07-28
1447,385,Project Manager,1,4,32000000,2022-08-20,2022-08-22
1448,385,Frontend Developer,2,3,15000000,2022-08-20,2022-08-22
1449,385,Backend Developer,1,2,14000000,2022-08-20,2022-08-22
1450,385,QA Engineer,1,2,11000000,2022-08-20,2022-08-22
1451,386,Project Manager,1,4,36000000,2022-09-15,2022-09-18
1452,386,Data Governance Specialist,1,5,40000000,2022-09-15,2022-09-18
1453,386,Data Analyst,2,3,20000000,2022-09-15,2022-09-18
1454,386,QA Engineer,1,2,15000000,2022-09-15,2022-09-18
1455,387,Project Manager,1,5,47000000,2022-10-20,2022-10-22
1456,387,Cloud Engineer,3,4,30000000,2022-10-20,2022-10-22
1457,387,Monitoring Specialist,2,4,28000000,2022-10-20,2022-10-22
1458,387,QA Engineer,2,3,18000000,2022-10-20,2022-10-22
1459,388,Project Manager,1,4,37000000,2022-11-15,2022-11-18
1460,388,AI Content Specialist,2,4,32000000,2022-11-15,2022-11-18
1461,388,Backend Developer,1,3,18000000,2022-11-15,2022-11-18
1462,388,QA Engineer,1,3,16000000,2022-11-15,2022-11-18
1463,389,Project Manager,1,5,52000000,2022-12-10,2022-12-12
1464,389,Identity Architect,1,7,62000000,2022-12-10,2022-12-12
1465,389,Blockchain Developer,3,5,48000000,2022-12-10,2022-12-12
1466,389,QA Engineer,2,3,22000000,2022-12-10,2022-12-12
1467,390,Project Manager,1,4,35000000,2023-01-05,2023-01-07
1468,390,IoT Security Engineer,2,4,30000000,2023-01-05,2023-01-07
1469,390,Backend Developer,1,3,17000000,2023-01-05,2023-01-07
1470,390,QA Engineer,1,2,14000000,2023-01-05,2023-01-07
1471,391,Project Manager,1,5,49000000,2023-01-31,2023-02-02
1472,391,Mobile Developer,4,4,32000000,2023-01-31,2023-02-02
1473,391,Security Engineer,1,5,41000000,2023-01-31,2023-02-02
1474,391,QA Engineer,2,3,20000000,2023-01-31,2023-02-02
1475,392,Project Manager,1,4,34000000,2023-03-05,2023-03-08
1476,392,Data Quality Analyst,2,3,19000000,2023-03-05,2023-03-08
1477,392,Backend Developer,1,3,16000000,2023-03-05,2023-03-08
1478,392,QA Engineer,1,2,13000000,2023-03-05,2023-03-08
1479,393,Project Manager,1,5,50000000,2023-03-31,2023-04-02
1480,393,Process Mining Specialist,2,5,45000000,2023-03-31,2023-04-02
1481,393,Data Scientist,1,4,33000000,2023-03-31,2023-04-02
1482,393,QA Engineer,1,3,18000000,2023-03-31,2023-04-02
1483,394,Project Manager,1,5,48000000,2023-04-26,2023-04-28
1484,394,Cloud Native Architect,1,7,60000000,2023-04-26,2023-04-28
1485,394,DevOps Engineer,3,4,31000000,2023-04-26,2023-04-28
1486,394,QA Engineer,2,3,19000000,2023-04-26,2023-04-28
1487,395,Project Manager,1,4,36000000,2023-05-20,2023-05-22
1488,395,AI Engineer,2,4,32000000,2023-05-20,2023-05-22
1489,395,Customer Service Analyst,1,3,18000000,2023-05-20,2023-05-22
1490,395,QA Engineer,1,2,15000000,2023-05-20,2023-05-22
1491,396,Project Manager,1,5,56000000,2023-06-15,2023-06-18
1492,396,Blockchain Developer,3,5,52000000,2023-06-15,2023-06-18
1493,396,Supply Chain Expert,1,4,35000000,2023-06-15,2023-06-18
1494,396,QA Engineer,2,3,23000000,2023-06-15,2023-06-18
1495,397,Project Manager,1,4,37000000,2023-07-10,2023-07-12
1496,397,IoT Analyst,2,3,22000000,2023-07-10,2023-07-12
1497,397,Data Engineer,1,3,20000000,2023-07-10,2023-07-12
1498,397,QA Engineer,1,2,16000000,2023-07-10,2023-07-12
1499,398,Project Manager,1,5,52000000,2023-08-05,2023-08-08
1500,398,Digital Transformation Lead,1,6,58000000,2023-08-05,2023-08-08
1501,398,Change Management Specialist,2,4,32000000,2023-08-05,2023-08-08
1502,398,QA Engineer,2,3,21000000,2023-08-05,2023-08-08
1503,399,Project Manager,1,5,54000000,2023-08-31,2023-09-02
1504,399,Security Analyst,3,4,35000000,2023-08-31,2023-09-02
1505,399,Incident Responder,2,4,33000000,2023-08-31,2023-09-02
1506,399,QA Engineer,2,3,22000000,2023-08-31,2023-09-02
1507,400,Project Manager,1,5,62000000,2023-09-25,2023-09-28
1508,400,AI Research Scientist,3,6,72000000,2023-09-25,2023-09-28
1509,400,Research Engineer,2,5,58000000,2023-09-25,2023-09-28
1510,400,QA Engineer,2,3,26000000,2023-09-25,2023-09-
1511,401,Project Manager,1,5,40000000,2024-01-10,2024-01-12
1512,401,AI Research Scientist,2,5,45000000,2024-01-10,2024-01-12
1513,401,Machine Learning Engineer,3,4,35000000,2024-01-10,2024-01-12
1514,401,Data Engineer,2,4,28000000,2024-01-10,2024-01-12
1515,401,Backend Developer,2,4,25000000,2024-01-10,2024-01-12
1516,401,DevOps Engineer,1,4,30000000,2024-01-10,2024-01-12
1517,402,Project Manager,1,5,42000000,2024-01-25,2024-01-28
1518,402,Quantum Cryptographer,2,6,55000000,2024-01-25,2024-01-28
1519,402,Security Architect,1,7,60000000,2024-01-25,2024-01-28
1520,402,Backend Developer,2,4,25000000,2024-01-25,2024-01-28
1521,403,Project Manager,1,5,38000000,2024-03-05,2024-03-08
1522,403,VR/AR Developer,3,4,32000000,2024-03-05,2024-03-08
1523,403,3D Artist,2,3,22000000,2024-03-05,2024-03-08
1524,403,Backend Developer,2,4,25000000,2024-03-05,2024-03-08
1525,404,Project Manager,1,5,36000000,2024-03-25,2024-03-28
1526,404,Data Scientist,3,4,35000000,2024-03-25,2024-03-28
1527,404,Machine Learning Engineer,2,4,32000000,2024-03-25,2024-03-28
1528,404,Backend Developer,2,4,25000000,2024-03-25,2024-03-28
1529,405,Project Manager,1,5,45000000,2024-05-10,2024-05-12
1530,405,Quantum Researcher,3,6,60000000,2024-05-10,2024-05-12
1531,405,Software Engineer,2,4,28000000,2024-05-10,2024-05-12
1532,405,Data Scientist,1,4,32000000,2024-05-10,2024-05-12
1533,406,Project Manager,1,4,30000000,2024-05-25,2024-05-28
1534,406,3D Developer,2,3,25000000,2024-05-25,2024-05-28
1535,406,Frontend Developer,2,3,20000000,2024-05-25,2024-05-28
1536,407,Project Manager,1,4,32000000,2024-07-05,2024-07-08
1537,407,Cloud Architect,1,7,50000000,2024-07-05,2024-07-08
1538,407,DevOps Engineer,2,4,28000000,2024-07-05,2024-07-08
1539,408,Project Manager,1,5,42000000,2024-07-25,2024-07-28
1540,408,AI Researcher,3,6,55000000,2024-07-25,2024-07-28
1541,408,Data Scientist,2,4,35000000,2024-07-25,2024-07-28
1542,409,Project Manager,1,5,40000000,2024-09-10,2024-09-12
1543,409,Blockchain Developer,3,4,38000000,2024-09-10,2024-09-12
1544,409,Security Engineer,2,4,35000000,2024-09-10,2024-09-12
1545,410,Project Manager,1,4,35000000,2024-09-25,2024-09-28
1546,410,Fullstack Developer,3,3,25000000,2024-09-25,2024-09-28
1547,410,Blockchain Specialist,2,4,32000000,2024-09-25,2024-09-28
1548,411,Project Manager,1,5,42000000,2024-11-05,2024-11-08
1549,411,Cybersecurity Expert,2,6,50000000,2024-11-05,2024-11-08
1550,411,Machine Learning Engineer,3,4,35000000,2024-11-05,2024-11-08
1551,412,Project Manager,1,4,32000000,2024-11-25,2024-11-28
1552,412,IoT Engineer,3,4,30000000,2024-11-25,2024-11-28
1553,412,Edge Computing Specialist,2,4,35000000,2024-11-25,2024-11-28
1554,413,Project Manager,1,5,45000000,2025-01-10,2025-01-12
1555,413,Biomedical Engineer,2,6,55000000,2025-01-10,2025-01-12
1556,413,Software Developer,3,4,30000000,2025-01-10,2025-01-12
1557,414,Project Manager,1,5,40000000,2025-01-25,2025-01-28
1558,414,AI Engineer,3,4,38000000,2025-01-25,2025-01-28
1559,414,Database Architect,2,5,42000000,2025-01-25,2025-01-28
1560,415,Project Manager,1,6,55000000,2025-03-05,2025-03-08
1561,415,Quantum Physicist,3,7,70000000,2025-03-05,2025-03-08
1562,415,Research Scientist,2,6,50000000,2025-03-05,2025-03-08
1563,416,Project Manager,1,4,30000000,2025-03-25,2025-03-28
1564,416,VR Developer,3,3,25000000,2025-03-25,2025-03-28
1565,416,3D Designer,2,3,22000000,2025-03-25,2025-03-28
1566,417,Project Manager,1,5,38000000,2025-05-10,2025-05-12
1567,417,Sustainability Expert,2,5,40000000,2025-05-10,2025-05-12
1568,417,Cloud Engineer,3,4,32000000,2025-05-10,2025-05-12
1569,418,Project Manager,1,4,35000000,2025-05-25,2025-05-28
1570,418,Data Scientist,3,4,32000000,2025-05-25,2025-05-28
1571,418,AI Researcher,2,5,42000000,2025-05-25,2025-05-28
1572,419,Project Manager,1,5,40000000,2025-07-05,2025-07-08
1573,419,Blockchain Developer,4,4,38000000,2025-07-05,2025-07-08
1574,419,Legal Tech Specialist,1,5,45000000,2025-07-05,2025-07-08
1575,420,Project Manager,1,4,32000000,2025-07-25,2025-07-28
1576,420,Cloud Architect,2,5,45000000,2025-07-25,2025-07-28
1577,420,Security Engineer,2,4,35000000,2025-07-25,2025-07-28
1578,421,Project Manager,1,5,42000000,2025-09-10,2025-09-12
1579,421,AI Engineer,4,4,38000000,2025-09-10,2025-09-12
1580,421,Privacy Engineer,2,5,45000000,2025-09-10,2025-09-12
1581,422,Project Manager,1,4,35000000,2025-09-25,2025-09-28
1582,422,AI Ethics Specialist,2,5,40000000,2025-09-25,2025-09-28
1583,422,Compliance Officer,2,4,32000000,2025-09-25,2025-09-28
1584,423,Project Manager,1,4,32000000,2025-11-05,2025-11-08
1585,423,IoT Engineer,4,4,30000000,2025-11-05,2025-11-08
1586,423,Data Analyst,2,3,25000000,2025-11-05,2025-11-08
1587,424,Project Manager,1,5,38000000,2025-11-25,2025-11-28
1588,424,Data Architect,2,6,50000000,2025-11-25,2025-11-28
1589,424,Data Engineer,3,4,32000000,2025-11-25,2025-11-28
1590,425,Project Manager,1,4,30000000,2024-01-15,2024-01-18
1591,425,AI Developer,3,4,35000000,2024-01-15,2024-01-18
1592,425,Software Engineer,2,3,25000000,2024-01-15,2024-01-18
1593,426,Project Manager,1,5,40000000,2024-02-10,2024-02-12
1594,426,Quantum Programmer,3,6,55000000,2024-02-10,2024-02-12
1595,426,Software Developer,2,4,28000000,2024-02-10,2024-02-12
1596,427,Project Manager,1,5,42000000,2024-03-15,2024-03-18
1597,427,Blockchain Developer,4,4,38000000,2024-03-15,2024-03-18
1598,427,Financial Analyst,1,4,30000000,2024-03-15,2024-03-18
1599,428,Project Manager,1,4,32000000,2024-04-20,2024-04-23
1600,428,QA Automation Engineer,3,4,28000000,2024-04-20,2024-04-23
1601,428,Test Architect,1,5,40000000,2024-04-20,2024-04-23
1602,429,Project Manager,1,5,45000000,2024-05-25,2024-05-28
1603,429,Bioinformatician,3,6,50000000,2024-05-25,2024-05-28
1604,429,Data Scientist,2,4,35000000,2024-05-25,2024-05-28
1605,430,Project Manager,1,4,30000000,2024-06-30,2024-07-03
1606,430,IoT Developer,3,3,25000000,2024-06-30,2024-07-03
1607,430,Mobile Developer,2,3,22000000,2024-06-30,2024-07-03
1608,431,Project Manager,1,5,38000000,2024-08-05,2024-08-08
1609,431,Backend Developer,4,4,30000000,2024-08-05,2024-08-08
1610,431,DevOps Engineer,2,4,32000000,2024-08-05,2024-08-08
1611,432,Project Manager,1,4,32000000,2024-09-10,2024-09-12
1612,432,Data Analyst,3,3,25000000,2024-09-10,2024-09-12
1613,432,Business Intelligence,2,4,30000000,2024-09-10,2024-09-12
1614,433,Project Manager,1,5,40000000,2024-10-15,2024-10-18
1615,433,Cryptography Expert,3,6,50000000,2024-10-15,2024-10-18
1616,433,Security Engineer,2,4,35000000,2024-10-15,2024-10-18
1617,434,Project Manager,1,4,30000000,2024-11-20,2024-11-23
1618,434,AR Developer,3,3,28000000,2024-11-20,2024-11-23
1619,434,UI/UX Designer,2,3,20000000,2024-11-20,2024-11-23
1620,435,Project Manager,1,5,38000000,2024-12-25,2024-12-28
1621,435,AI Specialist,3,4,35000000,2024-12-25,2024-12-28
1622,435,Legal Analyst,1,4,30000000,2024-12-25,2024-12-28
1623,436,Project Manager,1,5,42000000,2025-01-01,2025-01-04
1624,436,Cloud Engineer,4,4,35000000,2025-01-01,2025-01-04
1625,436,Multi-cloud Specialist,2,5,45000000,2025-01-01,2025-01-04
1626,437,Project Manager,1,5,40000000,2025-02-05,2025-02-08
1627,437,Blockchain Developer,3,4,38000000,2025-02-05,2025-02-08
1628,437,Financial Compliance,1,4,32000000,2025-02-05,2025-02-08
1629,438,Project Manager,1,4,32000000,2025-03-10,2025-03-12
1630,438,Agricultural Tech,2,4,30000000,2025-03-10,2025-03-12
1631,438,IoT Specialist,3,3,25000000,2025-03-10,2025-03-12
1632,439,Project Manager,1,5,45000000,2025-04-15,2025-04-18
1633,439,Autonomous Systems,3,6,50000000,2025-04-15,2025-04-18
1634,439,Safety Engineer,2,5,40000000,2025-04-15,2025-04-18
1635,440,Project Manager,1,4,32000000,2025-05-20,2025-05-23
1636,440,Serverless Architect,2,5,42000000,2025-05-20,2025-05-23
1637,440,Backend Developer,3,3,25000000,2025-05-20,2025-05-23
1638,441,Project Manager,1,5,40000000,2025-06-25,2025-06-28
1639,441,Climate Scientist,2,6,48000000,2025-06-25,2025-06-28
1640,441,Data Engineer,3,4,32000000,2025-06-25,2025-06-28
1641,442,Project Manager,1,4,35000000,2025-07-31,2025-08-03
1642,442,Security Analyst,3,4,32000000,2025-07-31,2025-08-03
1643,442,AI Security Specialist,2,5,40000000,2025-07-31,2025-08-03
1644,443,Project Manager,1,4,30000000,2025-09-05,2025-09-08
1645,443,AI Designer,3,3,28000000,2025-09-05,2025-09-08
1646,443,Creative Technologist,2,3,25000000,2025-09-05,2025-09-08
1647,444,Project Manager,1,5,38000000,2025-10-10,2025-10-12
1648,444,Supply Chain Analyst,2,4,30000000,2025-10-10,2025-10-12
1649,444,Blockchain Developer,3,4,35000000,2025-10-10,2025-10-12
1650,445,Project Manager,1,4,32000000,2025-11-15,2025-11-18
1651,445,Energy Specialist,2,4,35000000,2025-11-15,2025-11-18
1652,445,IoT Engineer,3,3,28000000,2025-11-15,2025-11-18
1653,446,Project Manager,1,4,30000000,2025-12-20,2025-12-23
1654,446,Low-code Developer,4,3,25000000,2025-12-20,2025-12-23
1655,446,Platform Engineer,2,4,32000000,2025-12-20,2025-12-23
1656,447,Project Manager,1,5,40000000,2024-01-20,2024-01-23
1657,447,AI Ethics Officer,2,5,42000000,2024-01-20,2024-01-23
1658,447,Compliance Manager,1,4,35000000,2024-01-20,2024-01-23
1659,448,Project Manager,1,5,45000000,2024-02-23,2024-02-26
1660,448,Quantum Researcher,3,6,55000000,2024-02-23,2024-02-26
1661,448,Software Engineer,2,4,30000000,2024-02-23,2024-02-26
1662,449,Project Manager,1,5,40000000,2024-03-31,2024-04-03
1663,449,Quantitative Analyst,3,5,45000000,2024-03-31,2024-04-03
1664,449,AI Developer,2,4,35000000,2024-03-31,2024-04-03
1665,450,Project Manager,1,5,38000000,2024-05-05,2024-05-08
1666,450,Identity Specialist,3,4,35000000,2024-05-05,2024-05-08
1667,450,Security Engineer,2,4,32000000,2024-05-05,2024-05-08
1668,451,Project Manager,1,4,32000000,2024-06-10,2024-06-13
1669,451,Industrial Engineer,3,4,30000000,2024-06-10,2024-06-13
1670,451,IoT Developer,2,3,25000000,2024-06-10,2024-06-13
1671,452,Project Manager,1,4,30000000,2024-07-15,2024-07-18
1672,452,Frontend Architect,2,5,40000000,2024-07-15,2024-07-18
1673,452,Backend Developer,3,3,25000000,2024-07-15,2024-07-18
1674,453,Project Manager,1,4,32000000,2024-08-20,2024-08-23
1675,453,Data Scientist,3,4,32000000,2024-08-20,2024-08-23
1676,453,Predictive Analyst,2,3,28000000,2024-08-20,2024-08-23
1677,454,Project Manager,1,5,40000000,2024-09-25,2024-09-28
1678,454,Security Researcher,3,5,45000000,2024-09-25,2024-09-28
1679,454,AI Security Engineer,2,4,35000000,2024-09-25,2024-09-28
1680,455,Project Manager,1,4,30000000,2024-10-31,2024-11-03
1681,455,AI Assistant Developer,3,3,28000000,2024-10-31,2024-11-03
1682,455,NLP Specialist,2,4,32000000,2024-10-31,2024-11-03
1683,456,Project Manager,1,5,42000000,2024-12-05,2024-12-08
1684,456,AI Engineer,4,4,38000000,2024-12-05,2024-12-08
1685,456,MLOps Engineer,2,4,35000000,2024-12-05,2024-12-08
1686,457,Project Manager,1,4,32000000,2025-01-10,2025-01-13
1687,457,Edge Computing Engineer,3,4,30000000,2025-01-10,2025-01-13
1688,457,Network Specialist,2,4,32000000,2025-01-10,2025-01-13
1689,458,Project Manager,1,5,38000000,2025-02-15,2025-02-18
1690,458,Blockchain Interop,3,4,35000000,2025-02-15,2025-02-18
1691,458,Cross-chain Developer,2,4,32000000,2025-02-15,2025-02-18
1692,459,Project Manager,1,5,45000000,2025-03-20,2025-03-23
1693,459,Robotics Engineer,3,6,50000000,2025-03-20,2025-03-23
1694,459,AI Specialist,2,5,40000000,2025-03-20,2025-03-23
1695,460,Project Manager,1,4,30000000,2025-04-25,2025-04-28
1696,460,DevOps Automation,3,3,25000000,2025-04-25,2025-04-28
1697,460,CI/CD Specialist,2,4,28000000,2025-04-25,2025-04-28
1698,461,Project Manager,1,4,32000000,2025-05-31,2025-06-03
1699,461,Data Quality Analyst,3,3,25000000,2025-05-31,2025-06-03
1700,461,Data Engineer,2,4,30000000,2025-05-31,2025-06-03
1701,462,Project Manager,1,5,40000000,2025-07-05,2025-07-08
1702,462,Quantum Security,3,6,50000000,2025-07-05,2025-07-08
1703,462,Cryptography Expert,2,5,42000000,2025-07-05,2025-07-08
1704,463,Project Manager,1,4,32000000,2025-08-10,2025-08-12
1705,463,Conversational AI,3,3,28000000,2025-08-10,2025-08-12
1706,463,NLP Engineer,2,4,30000000,2025-08-10,2025-08-12
1707,464,Project Manager,1,4,30000000,2025-09-15,2025-09-18
1708,464,Governance Specialist,2,4,32000000,2025-09-15,2025-09-18
1709,464,Blockchain Analyst,3,3,25000000,2025-09-15,2025-09-18
1710,465,Project Manager,1,4,32000000,2025-10-20,2025-10-23
1711,465,Building Automation,3,3,28000000,2025-10-20,2025-10-23
1712,465,IoT Specialist,2,4,30000000,2025-10-20,2025-10-23
1713,466,Project Manager,1,4,30000000,2025-11-25,2025-11-28
1714,466,AI Code Assistant,3,3,28000000,2025-11-25,2025-11-28
1715,466,Software Developer,2,3,25000000,2025-11-25,2025-11-28
1716,467,Project Manager,1,5,40000000,2024-01-31,2024-02-03
1717,467,Risk Analyst,3,4,32000000,2024-01-31,2024-02-03
1718,467,Compliance Officer,2,4,30000000,2024-01-31,2024-02-03
1719,468,Project Manager,1,5,45000000,2024-03-07,2024-03-10
1720,468,Neuromorphic Engineer,3,6,55000000,2024-03-07,2024-03-10
1721,468,Hardware Specialist,2,5,42000000,2024-03-07,2024-03-10
1722,469,Project Manager,1,5,42000000,2024-04-13,2024-04-16
1723,469,Medical AI Specialist,3,6,50000000,2024-04-13,2024-04-16
1724,469,Healthcare Analyst,2,4,35000000,2024-04-13,2024-04-16
1725,470,Project Manager,1,5,38000000,2024-05-18,2024-05-21
1726,470,Blockchain Developer,3,4,35000000,2024-05-18,2024-05-21
1727,470,Environmental Analyst,2,4,30000000,2024-05-18,2024-05-21
1728,471,Project Manager,1,4,30000000,2024-06-23,2024-06-26
1729,471,Environmental Tech,3,3,25000000,2024-06-23,2024-06-26
1730,471,IoT Monitor Specialist,2,3,22000000,2024-06-23,2024-06-26
1731,472,Project Manager,1,4,32000000,2024-07-29,2024-08-01
1732,472,UX Designer,2,3,20000000,2024-07-29,2024-08-01
1733,472,Fullstack Developer,3,3,25000000,2024-07-29,2024-08-01
1734,473,Project Manager,1,4,30000000,2024-09-03,2024-09-06
1735,473,Economist,2,4,35000000,2024-09-03,2024-09-06
1736,473,Data Analyst,3,3,25000000,2024-09-03,2024-09-06
1737,474,Project Manager,1,5,40000000,2024-10-08,2024-10-11
1738,474,Threat Intelligence,3,4,35000000,2024-10-08,2024-10-11
1739,474,Security Analyst,2,3,28000000,2024-10-08,2024-10-11
1740,475,Project Manager,1,4,32000000,2024-11-13,2024-11-16
1741,475,AutoML Specialist,3,3,28000000,2024-11-13,2024-11-16
1742,475,ML Engineer,2,4,30000000,2024-11-13,2024-11-16
1743,476,Project Manager,1,5,42000000,2024-12-18,2024-12-21
1744,476,MLOps Engineer,3,4,35000000,2024-12-18,2024-12-21
1745,476,Cloud AI Specialist,2,4,32000000,2024-12-18,2024-12-21
1746,477,Project Manager,1,5,40000000,2025-01-23,2025-01-26
1747,477,Heterogeneous Computing,3,6,50000000,2025-01-23,2025-01-26
1748,477,Hardware Engineer,2,5,42000000,2025-01-23,2025-01-26
1749,478,Project Manager,1,5,38000000,2025-02-28,2025-03-03
1750,478,Data Integrity Specialist,3,4,35000000,2025-02-28,2025-03-03
1751,478,Blockchain Developer,2,4,32000000,2025-02-28,2025-03-03
1752,479,Project Manager,1,5,45000000,2025-04-05,2025-04-08
1753,479,Manufacturing AI,3,6,50000000,2025-04-05,2025-04-08
1754,479,Industrial Engineer,2,4,35000000,2025-04-05,2025-04-08
1755,480,Project Manager,1,4,32000000,2025-05-10,2025-05-13
1756,480,Data Analyst,3,3,25000000,2025-05-10,2025-05-13
1757,480,Federated Learning,2,4,30000000,2025-05-10,2025-05-13
1758,481,Project Manager,1,4,30000000,2025-06-15,2025-06-18
1759,481,Privacy Engineer,3,4,32000000,2025-06-15,2025-06-18
1760,481,Data Scientist,2,3,28000000,2025-06-15,2025-06-18
1761,482,Project Manager,1,5,38000000,2025-07-20,2025-07-23
1762,482,Compliance Manager,2,4,32000000,2025-07-20,2025-07-23
1763,482,AI Governance,3,4,35000000,2025-07-20,2025-07-23
1764,483,Project Manager,1,4,32000000,2025-08-25,2025-08-28
1765,483,Multimodal AI,3,3,28000000,2025-08-25,2025-08-28
1766,483,AI Integration,2,4,30000000,2025-08-25,2025-08-28
1767,484,Project Manager,1,4,30000000,2025-09-30,2025-10-03
1768,484,Climate Analyst,2,4,32000000,2025-09-30,2025-10-03
1769,484,Blockchain Developer,3,3,25000000,2025-09-30,2025-10-03
1770,485,Project Manager,1,4,32000000,2025-11-05,2025-11-08
1771,485,Transportation Tech,3,3,28000000,2025-11-05,2025-11-08
1772,485,IoT Engineer,2,4,30000000,2025-11-05,2025-11-08
1773,486,Project Manager,1,4,30000000,2025-12-10,2025-12-13
1774,486,AI Developer,3,3,28000000,2025-12-10,2025-12-13
1775,486,Software Engineer,2,3,25000000,2025-12-10,2025-12-13
1776,487,Project Manager,1,5,40000000,2024-02-10,2024-02-13
1777,487,Risk Manager,3,4,32000000,2024-02-10,2024-02-13
1778,487,AI Ethics Officer,2,4,30000000,2024-02-10,2024-02-13
1779,488,Project Manager,1,5,45000000,2024-03-17,2024-03-20
1780,488,Quantum Network,3,6,55000000,2024-03-17,2024-03-20
1781,488,Network Engineer,2,4,30000000,2024-03-17,2024-03-20
1782,489,Project Manager,1,4,32000000,2024-04-22,2024-04-25
1783,489,EdTech Specialist,3,3,28000000,2024-04-22,2024-04-25
1784,489,AI Educator,2,4,30000000,2024-04-22,2024-04-25
1785,490,Project Manager,1,5,38000000,2024-05-28,2024-05-31
1786,490,Healthcare Blockchain,3,4,35000000,2024-05-28,2024-05-31
1787,490,Medical Data Specialist,2,4,32000000,2024-05-28,2024-05-31
1788,491,Project Manager,1,4,30000000,2024-07-02,2024-07-05
1789,491,Agricultural Tech,3,3,25000000,2024-07-02,2024-07-05
1790,491,IoT Specialist,2,3,22000000,2024-07-02,2024-07-05
1791,492,Project Manager,1,4,32000000,2024-08-07,2024-08-10
1792,492,Automation Engineer,3,3,28000000,2024-08-07,2024-08-10
1793,492,Business Analyst,2,3,25000000,2024-08-07,2024-08-10
1794,493,Project Manager,1,4,30000000,2024-09-12,2024-09-15
1795,493,Data Scientist,3,3,28000000,2024-09-12,2024-09-15
1796,493,Business Intelligence,2,4,30000000,2024-09-12,2024-09-15
1797,494,Project Manager,1,5,40000000,2024-10-17,2024-10-20
1798,494,Security Assessor,3,4,35000000,2024-10-17,2024-10-20
1799,494,AI Auditor,2,4,32000000,2024-10-17,2024-10-20
1800,495,Project Manager,1,4,30000000,2024-11-22,2024-11-25
1801,495,Creative AI,3,3,28000000,2024-11-22,2024-11-25
1802,495,Media Specialist,2,3,25000000,2024-11-22,2024-11-25
1803,496,Project Manager,1,5,38000000,2024-11-27,2024-11-30
1804,496,Event Streaming,3,4,32000000,2024-11-27,2024-11-30
1805,496,Backend Developer,2,3,25000000,2024-11-27,2024-11-30
1806,497,Project Manager,1,5,42000000,2025-01-02,2025-01-05
1807,497,Cloud Architect,3,5,45000000,2025-01-02,2025-01-05
1808,497,Multi-cloud Engineer,2,4,35000000,2025-01-02,2025-01-05
1809,498,Project Manager,1,5,38000000,2025-02-07,2025-02-10
1810,498,Economy Blockchain,3,4,35000000,2025-02-07,2025-02-10
1811,498,Financial Analyst,2,4,32000000,2025-02-07,2025-02-10
1812,499,Project Manager,1,5,40000000,2025-03-14,2025-03-17
1813,499,Edge Computing,3,4,35000000,2025-03-14,2025-03-17
1814,499,AI Specialist,2,4,32000000,2025-03-14,2025-03-17
1815,500,Project Manager,1,4,30000000,2025-04-19,2025-04-22
1816,500,Cloud Management,3,3,25000000,2025-04-19,2025-04-22
1817,500,Automation Engineer,2,3,22000000,2025-04-19,2025-04-22